date,open,high,low,close,volume,adjusted_close,currency
2020-01-02,198.5666656494141,199.27667236328125,196.92999267578125,199.086669921875,1623000,199.086669921875,USD
2020-01-03,196.0599975585937,198.19332885742188,194.05332946777344,197.77999877929688,1256100,197.77999877929688,USD
2020-01-06,196.6666717529297,199.2066650390625,195.9833374023437,198.586669921875,1574400,198.586669921875,USD
2020-01-07,196.6499938964844,196.6499938964844,191.2466735839844,194.26666259765625,3515100,194.26666259765625,USD
2020-01-08,193.8466644287109,195.1233367919922,192.19667053222656,193.9266662597656,2679300,193.9266662597656,USD
2020-01-09,195.836669921875,196.5833282470703,194.02667236328125,195.26333618164065,2988900,195.26333618164065,USD
2020-01-10,201.8333282470703,205.5200042724609,199.29666137695312,199.5733337402344,3847800,199.5733337402344,USD
2020-01-13,200.163330078125,202.30667114257807,199.61666870117188,201.0399932861328,1845600,201.0399932861328,USD
2020-01-14,200.9066619873047,201.433334350586,199.1999969482422,200.89666748046875,1335900,200.89666748046875,USD
2020-01-15,200.89666748046875,201.8300018310547,198.6666717529297,199.0800018310547,1295700,199.0800018310547,USD
2020-01-16,200.52999877929688,201.26666259765625,197.6866607666016,199.42999267578125,1496700,199.42999267578125,USD
2020-01-17,200.183334350586,200.27667236328125,198.0,200.009994506836,1777800,200.009994506836,USD
2020-01-21,199.42999267578125,200.8333282470703,199.1199951171875,200.5500030517578,1504200,200.5500030517578,USD
2020-01-22,201.6666717529297,204.8300018310547,200.836669921875,203.413330078125,2031000,203.413330078125,USD
2020-01-23,203.9499969482422,205.0,202.1999969482422,205.0,2941500,205.0,USD
2020-01-24,201.6000061035156,201.6666717529297,194.6100006103516,196.3999938964844,6266400,196.3999938964844,USD
2020-01-27,190.6366729736328,190.9966735839844,186.4199981689453,189.1666717529297,4478700,189.1666717529297,USD
2020-01-28,190.1100006103516,191.14666748046875,189.1666717529297,189.9100036621093,2550000,189.9100036621093,USD
2020-01-29,191.6666717529297,192.57000732421875,189.3333282470703,190.47000122070312,1694400,190.47000122070312,USD
2020-01-30,189.5500030517578,191.5800018310547,186.0599975585937,190.27999877929688,2236500,190.27999877929688,USD
2020-01-31,189.2833404541016,190.07000732421875,185.009994506836,186.5933380126953,2303700,186.5933380126953,USD
2020-02-03,187.433334350586,188.7466735839844,186.19667053222656,188.5399932861328,2771700,188.5399932861328,USD
2020-02-04,192.05667114257807,194.9966735839844,190.8866729736328,191.356674194336,1844700,191.356674194336,USD
2020-02-05,193.7866668701172,193.8333282470703,190.9266662597656,192.1866607666016,1548300,192.1866607666016,USD
2020-02-06,192.6666717529297,194.5433349609375,191.77333068847656,193.8500061035156,1329900,193.8500061035156,USD
2020-02-07,193.77999877929688,194.336669921875,192.77999877929688,193.1433258056641,1806000,193.1433258056641,USD
2020-02-10,192.9566650390625,195.0333404541016,192.22999572753903,194.97666931152344,1209000,194.97666931152344,USD
2020-02-11,196.21665954589844,196.86666870117188,195.2533264160156,195.94000244140625,1293000,195.94000244140625,USD
2020-02-12,197.19000244140625,198.3233337402344,196.1266632080078,197.6133270263672,1398000,197.6133270263672,USD
2020-02-13,199.6666717529297,200.3000030517578,197.5033264160156,200.11666870117188,2261700,200.11666870117188,USD
2020-02-14,200.3333282470703,201.44667053222656,198.13999938964844,201.1199951171875,1911300,201.1199951171875,USD
2020-02-18,200.44332885742188,201.6666717529297,199.90333557128903,201.55667114257807,1628400,201.55667114257807,USD
2020-02-19,198.7133331298828,206.19000244140625,198.7133331298828,204.9600067138672,2213400,204.9600067138672,USD
2020-02-20,203.663330078125,206.3333282470703,202.5733337402344,206.0966644287109,1909800,206.0966644287109,USD
2020-02-21,204.1199951171875,204.97666931152344,202.2333374023437,204.3600006103516,2202300,204.3600006103516,USD
2020-02-24,196.8166656494141,198.8099975585937,192.8433380126953,193.38999938964844,2545500,193.38999938964844,USD
2020-02-25,194.64666748046875,195.0833282470703,185.2933349609375,186.17333984375,2652000,186.17333984375,USD
2020-02-26,188.3333282470703,191.2700042724609,186.27333068847656,186.509994506836,2238600,186.509994506836,USD
2020-02-27,183.4633331298828,186.8300018310547,181.3933258056641,181.5399932861328,3199800,181.5399932861328,USD
2020-02-28,175.97000122070312,178.9499969482422,172.85333251953125,177.98666381835938,5829600,177.98666381835938,USD
2020-03-02,178.64999389648438,186.52667236328125,177.4066619873047,186.356674194336,2842500,186.356674194336,USD
2020-03-03,185.5733337402344,191.6666717529297,181.26333618164065,186.08999633789065,3081600,186.08999633789065,USD
2020-03-04,189.3333282470703,194.5733337402344,187.6666717529297,194.3000030517578,2202000,194.3000030517578,USD
2020-03-05,190.5966644287109,192.2566680908203,186.8433380126953,189.4566650390625,2871600,189.4566650390625,USD
2020-03-06,183.3333282470703,186.4933319091797,179.36000061035156,185.04666137695312,3102300,185.04666137695312,USD
2020-03-09,171.7133331298828,175.96665954589844,167.0,170.22000122070312,3455100,170.22000122070312,USD
2020-03-10,176.88999938964844,179.64666748046875,168.52000427246094,179.13333129882812,2935800,179.13333129882812,USD
2020-03-11,173.3333282470703,174.18666076660156,167.586669921875,169.85000610351562,3014700,169.85000610351562,USD
2020-03-12,162.0933380126953,166.06666564941406,152.02000427246094,152.50999450683594,5082000,152.50999450683594,USD
2020-03-13,159.3433380126953,160.76666259765625,144.19000244140625,156.9933319091797,5606400,156.9933319091797,USD
2020-03-16,138.77333068847656,149.1699981689453,134.0800018310547,134.76333618164062,5370900,134.76333618164062,USD
2020-03-17,137.663330078125,143.01333618164062,123.33333587646484,141.82666015625,5773200,141.82666015625,USD
2020-03-18,133.1666717529297,136.1199951171875,122.6866683959961,135.56666564941406,6621300,135.56666564941406,USD
2020-03-19,133.75332641601562,144.6300048828125,124.0,136.06666564941406,4804800,136.06666564941406,USD
2020-03-20,138.94667053222656,144.80332946777344,130.42999267578125,131.39666748046875,4264800,131.39666748046875,USD
2020-03-23,127.33333587646484,130.26333618164062,120.16666412353516,122.58333587646484,4780500,122.58333587646484,USD
2020-03-24,132.97332763671875,144.54666137695312,132.3633270263672,143.96665954589844,5644200,143.96665954589844,USD
2020-03-25,144.43333435058594,161.32666015625,143.3333282470703,153.43666076660156,5216400,153.43666076660156,USD
2020-03-26,154.2100067138672,168.1999969482422,154.2100067138672,167.1566619873047,4961700,167.1566619873047,USD
2020-03-27,159.5833282470703,168.8000030517578,158.89332580566406,163.47000122070312,4865400,163.47000122070312,USD
2020-03-30,163.3333282470703,168.9600067138672,161.43333435058594,168.07333374023438,2829900,168.07333374023438,USD
2020-03-31,166.28334045410156,169.8000030517578,164.09666442871094,165.07000732421875,3418500,165.07000732421875,USD
2020-04-01,153.4199981689453,158.3333282470703,150.08999633789062,152.75332641601562,4517400,152.75332641601562,USD
2020-04-02,150.0,157.99000549316406,150.0,155.9066619873047,2671500,155.9066619873047,USD
2020-04-03,154.77333068847656,156.8800048828125,150.0,154.1566619873047,3269100,154.1566619873047,USD
2020-04-06,163.163330078125,167.8000030517578,159.00999450683594,166.74667358398438,3801900,166.74667358398438,USD
2020-04-07,173.3333282470703,174.77999877929688,161.9633331298828,163.3300018310547,4463100,163.3300018310547,USD
2020-04-08,165.0,171.55667114257812,162.00999450683594,170.1666717529297,3145800,170.1666717529297,USD
2020-04-09,170.56333923339844,171.73333740234375,163.5833282470703,167.92999267578125,4173900,167.92999267578125,USD
2020-04-13,165.413330078125,166.68333435058594,162.72332763671875,164.8433380126953,2311500,164.8433380126953,USD
2020-04-14,167.08999633789062,171.47999572753906,166.30999755859375,169.31333923339844,3236100,169.31333923339844,USD
2020-04-15,165.20333862304688,171.09666442871094,163.68666076660156,170.3333282470703,2517300,170.3333282470703,USD
2020-04-16,171.6266632080078,171.97999572753906,165.18333435058594,170.14666748046875,2806800,170.14666748046875,USD
2020-04-17,173.36666870117188,176.03334045410156,165.3699951171875,175.44332885742188,4096800,175.44332885742188,USD
2020-04-20,174.5,176.5,172.5500030517578,172.77667236328125,2156400,172.77667236328125,USD
2020-04-21,168.72666931152344,170.4166717529297,162.6666717529297,165.5433349609375,2728500,165.5433349609375,USD
2020-04-22,167.9199981689453,171.47666931152344,166.43666076660156,170.7100067138672,2332200,170.7100067138672,USD
2020-04-23,171.7066650390625,174.6666717529297,170.52667236328125,171.07333374023438,2280000,171.07333374023438,USD
2020-04-24,173.00999450683594,173.49667358398438,169.55332946777344,171.64332580566406,1553700,171.64332580566406,USD
2020-04-27,174.14999389648438,174.40333557128906,171.0,172.36666870117188,1280100,172.36666870117188,USD
2020-04-28,171.9566650390625,173.0,166.6666717529297,167.81666564941406,2001000,167.81666564941406,USD
2020-04-29,170.89666748046875,175.38999938964844,168.67999267578125,173.24000549316406,2138700,173.24000549316406,USD
2020-04-30,172.5,172.6666717529297,169.47999572753906,170.2933349609375,1686600,170.2933349609375,USD
2020-05-01,167.6666717529297,168.99000549316406,164.0,166.2866668701172,2041500,166.2866668701172,USD
2020-05-04,165.8000030517578,168.1233367919922,165.18333435058594,167.3300018310547,1493100,167.3300018310547,USD
2020-05-05,169.9166717529297,173.0,168.19000244140625,170.95333862304688,1518900,170.95333862304688,USD
2020-05-06,171.77000427246094,174.33999633789062,169.2899932861328,170.61666870117188,1468800,170.61666870117188,USD
2020-05-07,174.01666259765625,178.84666442871094,172.54666137695312,178.64666748046875,2835000,178.64666748046875,USD
2020-05-08,180.97332763671875,181.47999572753903,178.24667358398438,179.2566680908203,2776200,179.2566680908203,USD
2020-05-11,177.3333282470703,180.0,176.5,179.6999969482422,2318700,179.6999969482422,USD
2020-05-12,178.663330078125,180.2333374023437,174.27999877929688,174.2866668701172,1482300,174.2866668701172,USD
2020-05-13,174.0800018310547,175.72332763671875,167.3333282470703,169.64332580566406,2297400,169.64332580566406,USD
2020-05-14,167.25999450683594,172.82333374023438,167.0433349609375,172.42333984375,1605600,172.42333984375,USD
2020-05-15,171.35333251953125,173.47000122070312,170.39666748046875,173.47000122070312,1386300,173.47000122070312,USD
2020-05-18,177.17333984375,182.11666870117188,176.47666931152344,179.47000122070312,1758900,179.47000122070312,USD
2020-05-19,180.1233367919922,180.9866638183593,176.86666870117188,177.0,1192200,177.0,USD
2020-05-20,180.0,185.15333557128903,179.16000366210938,184.10333251953125,1964700,184.10333251953125,USD
2020-05-21,183.4833374023437,184.8000030517578,181.2700042724609,181.9833374023437,1395900,181.9833374023437,USD
2020-05-22,182.32000732421875,187.7100067138672,181.3000030517578,187.6000061035156,1669500,187.6000061035156,USD
2020-05-26,191.6666717529297,194.1600036621093,186.6666717529297,187.02999877929688,2469300,187.02999877929688,USD
2020-05-27,188.8333282470703,189.0733337402344,183.11666870117188,188.2433319091797,1863000,188.2433319091797,USD
2020-05-28,187.5500030517578,195.20333862304688,187.5500030517578,190.79666137695312,2467200,190.79666137695312,USD
2020-05-29,191.3333282470703,193.8633270263672,189.0,193.3433380126953,2686200,193.3433380126953,USD
2020-06-01,191.6000061035156,193.5733337402344,190.2100067138672,191.52999877929688,1434900,191.52999877929688,USD
2020-06-02,191.8933258056641,193.5200042724609,189.6499938964844,193.2700042724609,1488300,193.2700042724609,USD
2020-06-03,193.1666717529297,194.86666870117188,191.3233337402344,191.4866638183593,1938000,191.4866638183593,USD
2020-06-04,191.32666015625,191.32666015625,186.3933258056641,188.0833282470703,2490600,188.0833282470703,USD
2020-06-05,189.2866668701172,200.40333557128903,189.1666717529297,197.586669921875,3038700,197.586669921875,USD
2020-06-08,196.86666870117188,197.9066619873047,194.80332946777344,197.5666656494141,1816800,197.5666656494141,USD
2020-06-09,195.0200042724609,197.5833282470703,194.259994506836,194.83999633789065,1488600,194.83999633789065,USD
2020-06-10,191.4566650390625,196.6766662597656,190.4266662597656,195.1266632080078,1739100,195.1266632080078,USD
2020-06-11,191.3233337402344,192.22999572753903,182.3766632080078,182.6100006103516,2646600,182.6100006103516,USD
2020-06-12,187.6766662597656,189.77999877929688,181.83999633789065,186.1366729736328,2017800,186.1366729736328,USD
2020-06-15,182.1666717529297,190.6600036621093,181.6233367919922,190.4266662597656,1845600,190.4266662597656,USD
2020-06-16,195.9600067138672,196.42333984375,190.85333251953125,191.69000244140625,1934100,191.69000244140625,USD
2020-06-17,193.44667053222656,195.2100067138672,192.19332885742188,192.8300018310547,1165200,192.8300018310547,USD
2020-06-18,192.7333374023437,195.2533264160156,192.3300018310547,195.17999267578125,1237200,195.17999267578125,USD
2020-06-19,197.2366638183593,198.44667053222656,193.22332763671875,195.8433380126953,3470700,195.8433380126953,USD
2020-06-22,196.086669921875,196.759994506836,194.163330078125,196.32000732421875,1607100,196.32000732421875,USD
2020-06-23,197.0,198.76666259765625,195.6666717529297,196.17333984375,1259700,196.17333984375,USD
2020-06-24,194.2100067138672,194.336669921875,184.1433258056641,184.9866638183593,2878500,184.9866638183593,USD
2020-06-25,185.5666656494141,185.76333618164065,181.009994506836,185.0366668701172,2148900,185.0366668701172,USD
2020-06-26,185.52333068847656,185.9566650390625,181.6233367919922,183.2833404541016,1975800,183.2833404541016,USD
2020-06-29,184.5033264160156,184.9966735839844,181.3866729736328,184.58999633789065,1342800,184.58999633789065,USD
2020-06-30,184.88333129882807,191.1266632080078,183.9933319091797,189.94332885742188,2176200,189.94332885742188,USD
2020-07-01,190.6666717529297,192.3300018310547,189.02999877929688,191.8466644287109,1394100,191.8466644287109,USD
2020-07-02,194.0966644287109,194.47999572753903,192.27667236328125,193.4933319091797,1540200,193.4933319091797,USD
2020-07-06,196.2933349609375,197.1233367919922,193.6999969482422,194.8800048828125,1486200,194.8800048828125,USD
2020-07-07,193.2333374023437,195.6433258056641,191.7133331298828,191.77999877929688,1151100,191.77999877929688,USD
2020-07-08,192.9866638183593,194.356674194336,191.8699951171875,193.65333557128903,1145700,193.65333557128903,USD
2020-07-09,193.0733337402344,194.4066619873047,189.3333282470703,191.4900054931641,1448400,191.4900054931641,USD
2020-07-10,191.5666656494141,192.3699951171875,189.1699981689453,191.9566650390625,929700,191.9566650390625,USD
2020-07-13,193.05332946777344,196.26333618164065,190.0,190.42999267578125,1550400,190.42999267578125,USD
2020-07-14,189.8800048828125,195.4933319091797,188.7366638183593,195.1133270263672,1653600,195.1133270263672,USD
2020-07-15,197.0833282470703,203.0,196.8600006103516,202.6000061035156,2370900,202.6000061035156,USD
2020-07-16,201.5666656494141,204.2566680908203,198.7866668701172,201.4166717529297,2088300,201.4166717529297,USD
2020-07-17,203.3333282470703,218.26666259765625,202.1199951171875,216.913330078125,4995000,216.913330078125,USD
2020-07-20,215.14666748046875,223.8766632080078,210.52333068847656,222.51333618164065,3291600,222.51333618164065,USD
2020-07-21,222.4100036621093,225.0200042724609,217.51666259765625,219.38333129882807,3455100,219.38333129882807,USD
2020-07-22,223.1499938964844,228.2833404541016,220.0066680908203,227.1133270263672,3396000,227.1133270263672,USD
2020-07-23,228.26333618164065,233.2400054931641,223.9066619873047,228.8500061035156,2461500,228.8500061035156,USD
2020-07-24,221.7100067138672,225.6999969482422,219.6600036621093,225.1100006103516,2370900,225.1100006103516,USD
2020-07-27,224.356674194336,229.94332885742188,222.69332885742188,228.4499969482422,1674600,228.4499969482422,USD
2020-07-28,226.6666717529297,228.3333282470703,224.75,226.56333923339844,1288500,226.56333923339844,USD
2020-07-29,227.5733337402344,234.6666717529297,226.6699981689453,231.92999267578125,2403000,231.92999267578125,USD
2020-07-30,229.65333557128903,230.76333618164065,226.70333862304688,229.1300048828125,1640400,229.1300048828125,USD
2020-07-31,229.2833404541016,230.2133331298828,225.2400054931641,228.47999572753903,1641900,228.47999572753903,USD
2020-08-03,228.5833282470703,231.0800018310547,228.4566650390625,229.64666748046875,1468500,229.64666748046875,USD
2020-08-04,229.07666015625,229.80332946777344,227.1666717529297,227.8333282470703,1196400,227.8333282470703,USD
2020-08-05,229.21665954589844,232.52333068847656,228.44000244140625,230.9633331298828,1413900,230.9633331298828,USD
2020-08-06,230.0666656494141,230.8433380126953,225.3633270263672,230.4166717529297,1011000,230.4166717529297,USD
2020-08-07,230.33999633789065,231.36666870117188,226.67333984375,228.61666870117188,1110300,228.61666870117188,USD
2020-08-10,228.2466735839844,228.44667053222656,225.3300018310547,227.6666717529297,904800,227.6666717529297,USD
2020-08-11,228.663330078125,228.663330078125,223.8733367919922,225.0,1005900,225.0,USD
2020-08-12,225.413330078125,228.6666717529297,224.2566680908203,227.69667053222656,1437300,227.69667053222656,USD
2020-08-13,227.5733337402344,231.3333282470703,226.69667053222656,230.1866607666016,823800,230.1866607666016,USD
2020-08-14,230.8466644287109,230.8466644287109,227.11666870117188,228.17333984375,887700,228.17333984375,USD
2020-08-17,228.33999633789065,231.6866607666016,228.1133270263672,231.3333282470703,1263900,231.3333282470703,USD
2020-08-18,230.5433349609375,232.0666656494141,230.2466735839844,230.79666137695312,1216500,230.79666137695312,USD
2020-08-19,231.6666717529297,233.0,229.8866729736328,230.47000122070312,1518300,230.47000122070312,USD
2020-08-20,229.75,231.7366638183593,229.0033264160156,231.01666259765625,868800,231.01666259765625,USD
2020-08-21,230.17999267578125,231.6600036621093,228.8933258056641,231.2933349609375,1589400,231.2933349609375,USD
2020-08-24,233.0,233.9866638183593,229.76333618164065,231.913330078125,1582200,231.913330078125,USD
2020-08-25,231.9266662597656,233.61666870117188,231.3933258056641,233.1666717529297,1490100,233.1666717529297,USD
2020-08-26,233.3333282470703,233.82666015625,230.92999267578125,233.3300018310547,1537800,233.3300018310547,USD
2020-08-27,233.6100006103516,239.3699951171875,230.7066650390625,236.4633331298828,2590800,236.4633331298828,USD
2020-08-28,237.77999877929688,243.3166656494141,236.22999572753903,242.336669921875,1940700,242.336669921875,USD
2020-08-31,241.05667114257807,244.8166656494141,240.3333282470703,243.6133270263672,1806300,243.6133270263672,USD
2020-09-01,244.1499938964844,247.47999572753903,242.4366607666016,247.19000244140625,1563900,247.19000244140625,USD
2020-09-02,247.336669921875,259.6099853515625,246.1100006103516,255.0366668701172,3234300,255.0366668701172,USD
2020-09-03,250.95333862304688,252.32666015625,241.3766632080078,247.20333862304688,3249900,247.20333862304688,USD
2020-09-04,247.70333862304688,249.9499969482422,239.25,245.0933380126953,2487600,245.0933380126953,USD
2020-09-08,236.6666717529297,239.2899932861328,230.6766662597656,231.38999938964844,3123300,231.38999938964844,USD
2020-09-09,234.45333862304688,242.2366638183593,234.05332946777344,239.82666015625,1850400,239.82666015625,USD
2020-09-10,239.5,242.89666748046875,233.7566680908203,235.1999969482422,1563600,235.1999969482422,USD
2020-09-11,237.94332885742188,238.509994506836,232.663330078125,234.17999267578125,1300200,234.17999267578125,USD
2020-09-14,237.47000122070312,240.7133331298828,237.04666137695312,238.77999877929688,1168800,238.77999877929688,USD
2020-09-15,241.4166717529297,242.05332946777344,237.04666137695312,238.52333068847656,1135500,238.52333068847656,USD
2020-09-16,240.106674194336,241.1766662597656,229.8866729736328,230.4633331298828,2312400,230.4633331298828,USD
2020-09-17,228.40333557128903,230.0966644287109,224.4966735839844,226.9566650390625,2458800,226.9566650390625,USD
2020-09-18,226.3333282470703,228.38333129882807,216.47332763671875,218.52333068847656,4024500,218.52333068847656,USD
2020-09-21,216.0333404541016,216.0333404541016,211.0966644287109,213.9833374023437,2352900,213.9833374023437,USD
2020-09-22,216.15333557128903,222.47999572753903,213.8800048828125,222.0066680908203,3708600,222.0066680908203,USD
2020-09-23,225.2100067138672,225.3999938964844,218.3933258056641,219.1366729736328,1876500,219.1366729736328,USD
2020-09-24,217.3800048828125,221.22666931152344,215.8466644287109,219.1766662597656,1245000,219.1766662597656,USD
2020-09-25,218.22000122070312,225.97332763671875,217.6666717529297,224.57666015625,1566900,224.57666015625,USD
2020-09-28,228.3333282470703,231.85333251953125,226.6766662597656,231.05332946777344,1951200,231.05332946777344,USD
2020-09-29,232.6666717529297,238.6300048828125,230.183334350586,230.97666931152344,1625700,230.97666931152344,USD
2020-09-30,232.38333129882807,239.29666137695312,230.183334350586,236.51333618164065,1895100,236.51333618164065,USD
2020-10-01,237.70333862304688,239.47666931152344,234.67333984375,236.83999633789065,1243800,236.83999633789065,USD
2020-10-02,233.3600006103516,235.856674194336,230.6999969482422,232.0933380126953,1602600,232.0933380126953,USD
2020-10-05,233.0333404541016,236.1866607666016,232.27333068847656,235.8999938964844,1206300,235.8999938964844,USD
2020-10-06,236.509994506836,238.7400054931641,232.1000061035156,233.0066680908203,1236000,233.0066680908203,USD
2020-10-07,236.14666748046875,240.663330078125,236.14666748046875,240.0933380126953,1180500,240.0933380126953,USD
2020-10-08,241.6666717529297,242.8733367919922,240.0399932861328,241.0066680908203,1110900,241.0066680908203,USD
2020-10-09,243.2933349609375,247.08999633789065,242.6666717529297,246.06333923339844,1239900,246.06333923339844,USD
2020-10-12,249.5800018310547,253.009994506836,247.7433319091797,251.88999938964844,2265300,251.88999938964844,USD
2020-10-13,251.97332763671875,253.683334350586,249.9100036621093,251.7833404541016,1633200,251.7833404541016,USD
2020-10-14,253.10333251953125,255.3933258056641,248.72000122070312,250.3600006103516,1914300,250.3600006103516,USD
2020-10-15,247.356674194336,251.8000030517578,246.6666717529297,247.0,2765700,247.0,USD
2020-10-16,241.6666717529297,253.6266632080078,238.759994506836,250.8933258056641,3096600,250.8933258056641,USD
2020-10-19,251.75,257.2066650390625,243.1233367919922,245.3733367919922,1732500,245.3733367919922,USD
2020-10-20,245.3733367919922,248.51666259765625,243.3000030517578,244.3333282470703,1199400,244.3333282470703,USD
2020-10-21,243.6000061035156,244.8866729736328,240.8633270263672,242.82666015625,1838400,242.82666015625,USD
2020-10-22,243.2066650390625,246.1133270263672,241.29666137695312,244.31333923339844,935100,244.31333923339844,USD
2020-10-23,246.1100006103516,246.6666717529297,242.5,245.1600036621093,845100,245.1600036621093,USD
2020-10-26,242.3600006103516,243.2566680908203,233.5599975585937,237.2566680908203,1540800,237.2566680908203,USD
2020-10-27,237.83999633789065,242.683334350586,237.1233367919922,240.3000030517578,975000,240.3000030517578,USD
2020-10-28,234.77333068847656,235.04666137695312,229.26333618164065,229.26666259765625,1692000,229.26666259765625,USD
2020-10-29,230.0,231.4900054931641,227.7899932861328,228.759994506836,2658000,228.759994506836,USD
2020-10-30,227.3999938964844,228.6666717529297,217.6666717529297,222.3600006103516,2989800,222.3600006103516,USD
2020-11-02,226.8733367919922,227.6666717529297,223.0966644287109,225.32666015625,1865400,225.32666015625,USD
2020-11-03,228.0,232.259994506836,226.94000244140625,227.3333282470703,1879500,227.3333282470703,USD
2020-11-04,236.22666931152344,239.32000732421875,233.57000732421875,236.5500030517578,2760900,236.5500030517578,USD
2020-11-05,244.8466644287109,244.92999267578125,239.55667114257807,242.759994506836,1605900,242.759994506836,USD
2020-11-06,243.1366729736328,245.8000030517578,240.0833282470703,244.6233367919922,1218000,244.6233367919922,USD
2020-11-09,251.9266662597656,264.17999267578125,251.9266662597656,257.8166809082031,3383700,257.8166809082031,USD
2020-11-10,257.0133361816406,257.2366638183594,247.3333282470703,249.8333282470703,1921800,249.8333282470703,USD
2020-11-11,251.509994506836,253.27667236328125,245.3733367919922,245.8500061035156,1555800,245.8500061035156,USD
2020-11-12,248.05667114257807,250.5933380126953,245.6566619873047,246.92333984375,1241400,246.92333984375,USD
2020-11-13,249.44332885742188,251.77333068847656,248.2433319091797,251.1266632080078,862200,251.1266632080078,USD
2020-11-16,253.3333282470703,254.67999267578125,249.3733367919922,252.72999572753903,1561200,252.72999572753903,USD
2020-11-17,249.3233337402344,250.759994506836,246.88333129882807,249.71665954589844,1152900,249.71665954589844,USD
2020-11-18,249.0800018310547,249.2433319091797,244.3333282470703,244.4600067138672,1302000,244.4600067138672,USD
2020-11-19,243.586669921875,245.8099975585937,241.163330078125,244.6499938964844,1141500,244.6499938964844,USD
2020-11-20,243.6699981689453,245.086669921875,242.2100067138672,243.5800018310547,1169100,243.5800018310547,USD
2020-11-23,243.82666015625,244.683334350586,237.69000244140625,239.683334350586,1503000,239.683334350586,USD
2020-11-24,242.3000030517578,242.88333129882807,240.33999633789065,241.6133270263672,1761600,241.6133270263672,USD
2020-11-25,243.1000061035156,244.2466735839844,241.6233367919922,242.1233367919922,1029000,242.1233367919922,USD
2020-11-27,245.1233367919922,245.19000244140625,242.0,243.27333068847656,796200,243.27333068847656,USD
2020-11-30,241.80332946777344,244.6300048828125,240.3333282470703,242.01666259765625,2353800,242.01666259765625,USD
2020-12-01,244.433334350586,245.5066680908203,240.61666870117188,244.5500030517578,1557000,244.5500030517578,USD
2020-12-02,243.6699981689453,251.3999938964844,243.6699981689453,250.4266662597656,1761000,250.4266662597656,USD
2020-12-03,250.663330078125,254.75,249.6233367919922,252.9066619873047,1634100,252.9066619873047,USD
2020-12-04,251.1566619873047,260.6333312988281,251.1566619873047,260.11334228515625,1661700,260.11334228515625,USD
2020-12-07,259.3333435058594,260.1766662597656,254.106674194336,254.79666137695312,1732200,254.79666137695312,USD
2020-12-08,254.2866668701172,255.8600006103516,251.6666717529297,255.11666870117188,1276200,255.11666870117188,USD
2020-12-09,255.8699951171875,255.8699951171875,250.0333404541016,251.1699981689453,1587300,251.1699981689453,USD
2020-12-10,251.86666870117188,255.6000061035156,249.3600006103516,252.69000244140625,1488000,252.69000244140625,USD
2020-12-11,251.38333129882807,253.96665954589844,248.6266632080078,253.3333282470703,1637700,253.3333282470703,USD
2020-12-14,254.6666717529297,260.2099914550781,254.01666259765625,254.92999267578125,1794300,254.92999267578125,USD
2020-12-15,252.336669921875,257.1866760253906,251.6666717529297,256.163330078125,1297800,256.163330078125,USD
2020-12-16,255.25,256.6533203125,254.0200042724609,255.35333251953125,1078800,255.35333251953125,USD
2020-12-17,257.1266784667969,260.4166564941406,255.75,259.9266662597656,1306200,259.9266662597656,USD
2020-12-18,262.2633361816406,263.6000061035156,258.3466796875,263.0299987792969,2622900,263.0299987792969,USD
2020-12-21,259.336669921875,263.32666015625,256.0599975585937,263.0899963378906,1541700,263.0899963378906,USD
2020-12-22,263.3699951171875,272.2799987792969,262.75665283203125,271.75,2246100,271.75,USD
2020-12-23,272.336669921875,275.60333251953125,269.510009765625,269.8833312988281,1932900,269.8833312988281,USD
2020-12-24,270.2366638183594,270.7799987792969,267.6700134277344,269.0,489900,269.0,USD
2020-12-28,272.7366638183594,273.3299865722656,265.739990234375,268.3866577148437,1229700,268.3866577148437,USD
2020-12-29,270.7900085449219,273.4333190917969,269.0466613769531,271.3566589355469,1120200,271.3566589355469,USD
2020-12-30,273.3299865722656,274.04998779296875,270.67999267578125,271.76666259765625,775500,271.76666259765625,USD
2020-12-31,271.8399963378906,273.6766662597656,270.10333251953125,272.70001220703125,1160700,272.70001220703125,USD
2021-01-04,275.2799987792969,275.2799987792969,262.9599914550781,266.6666564941406,1781700,266.6666564941406,USD
2021-01-05,264.6300048828125,270.4633178710937,263.1300048828125,268.3500061035156,1363800,268.3500061035156,USD
2021-01-06,265.09332275390625,266.6666564941406,262.28668212890625,264.2633361816406,2071200,264.2633361816406,USD
2021-01-07,266.2900085449219,270.1366577148437,263.3333435058594,269.4033203125,1285500,269.4033203125,USD
2021-01-08,268.0733337402344,275.1300048828125,268.0199890136719,272.9166564941406,1428600,272.9166564941406,USD
2021-01-11,272.8099975585937,272.8099975585937,267.9466552734375,271.2166748046875,1644600,271.2166748046875,USD
2021-01-12,270.4466552734375,271.010009765625,262.76666259765625,262.8099975585937,1903800,262.8099975585937,USD
2021-01-13,262.4566650390625,274.6666564941406,262.0,270.4833374023437,2550000,270.4833374023437,USD
2021-01-14,271.42999267578125,271.92333984375,265.01666259765625,265.7133178710937,1460400,265.7133178710937,USD
2021-01-15,266.6866760253906,267.35333251953125,259.0,259.47332763671875,2317800,259.47332763671875,USD
2021-01-19,261.6966552734375,264.0,258.47332763671875,259.4700012207031,1920600,259.4700012207031,USD
2021-01-20,261.8500061035156,267.22332763671875,260.5433349609375,266.19000244140625,1648200,266.19000244140625,USD
2021-01-21,265.4433288574219,267.3333435058594,260.8666687011719,266.22332763671875,1975500,266.22332763671875,USD
2021-01-22,261.0133361816406,263.0733337402344,247.8433380126953,248.02667236328125,5299200,248.02667236328125,USD
2021-01-25,249.1366729736328,251.5500030517578,245.2133331298828,250.6699981689453,3307200,250.6699981689453,USD
2021-01-26,251.4933319091797,257.5433349609375,251.0066680908203,256.54998779296875,3036900,256.54998779296875,USD
2021-01-27,253.46665954589844,256.4633178710937,248.9866638183593,252.9100036621093,2317500,252.9100036621093,USD
2021-01-28,255.683334350586,259.413330078125,254.97666931152344,255.1199951171875,1720500,255.1199951171875,USD
2021-01-29,251.45333862304688,253.72332763671875,247.1666717529297,249.2133331298828,1890300,249.2133331298828,USD
2021-02-01,250.6666717529297,253.6233367919922,246.6666717529297,248.70333862304688,1884000,248.70333862304688,USD
2021-02-02,251.22000122070312,256.163330078125,251.22000122070312,252.6133270263672,1654200,252.6133270263672,USD
2021-02-03,251.663330078125,252.586669921875,248.20333862304688,248.46665954589844,1531800,248.46665954589844,USD
2021-02-04,250.0,254.8800048828125,248.4199981689453,252.3500061035156,2277000,252.3500061035156,USD
2021-02-05,254.86666870117188,255.44332885742188,253.5,254.0833282470703,1307100,254.0833282470703,USD
2021-02-08,256.086669921875,258.3466796875,253.95333862304688,256.663330078125,1287300,256.663330078125,USD
2021-02-09,257.663330078125,262.9700012207031,256.9266662597656,259.7833251953125,1516500,259.7833251953125,USD
2021-02-10,262.3333435058594,264.836669921875,259.6400146484375,262.6966552734375,1681500,262.6966552734375,USD
2021-02-11,264.6666564941406,266.79998779296875,262.739990234375,266.27667236328125,1283700,266.27667236328125,USD
2021-02-12,266.4200134277344,269.47332763671875,264.5966796875,269.2699890136719,1291200,269.2699890136719,USD
2021-02-16,270.0,270.92999267578125,262.9633178710937,263.9833374023437,2019600,263.9833374023437,USD
2021-02-17,260.6666564941406,262.79998779296875,258.1400146484375,260.0199890136719,1118100,260.0199890136719,USD
2021-02-18,258.19000244140625,258.8066711425781,252.5966644287109,255.8433380126953,1928100,255.8433380126953,USD
2021-02-19,257.75,257.75,249.8933258056641,250.0500030517578,2238900,250.0500030517578,USD
2021-02-22,250.5966644287109,250.92999267578125,245.6666717529297,247.13333129882807,1911000,247.13333129882807,USD
2021-02-23,247.3333282470703,249.5433349609375,244.0333404541016,248.2366638183593,2106000,248.2366638183593,USD
2021-02-24,247.9100036621093,253.22332763671875,246.0966644287109,252.90333557128903,1320000,252.90333557128903,USD
2021-02-25,251.6199951171875,252.9633331298828,243.96665954589844,247.26333618164065,1335600,247.26333618164065,USD
2021-02-26,247.96665954589844,249.2333374023437,242.10333251953125,245.6000061035156,2007000,245.6000061035156,USD
2021-03-01,249.67999267578125,253.58999633789065,248.55667114257807,253.07000732421875,1677600,253.07000732421875,USD
2021-03-02,253.3333282470703,253.3333282470703,248.9266662597656,250.0,1173000,250.0,USD
2021-03-03,248.6866607666016,248.6866607666016,240.4933319091797,242.38333129882807,1521300,242.38333129882807,USD
2021-03-04,241.6666717529297,242.413330078125,233.009994506836,236.38999938964844,2427600,236.38999938964844,USD
2021-03-05,237.4166717529297,239.47999572753903,229.0800018310547,237.7899932861328,2277300,237.7899932861328,USD
2021-03-08,235.11666870117188,236.856674194336,227.46665954589844,228.3000030517578,1917600,228.3000030517578,USD
2021-03-09,232.51333618164065,236.75,230.0033264160156,234.26666259765625,2090400,234.26666259765625,USD
2021-03-10,240.32666015625,242.5366668701172,237.6100006103516,239.9366607666016,2198100,239.9366607666016,USD
2021-03-11,243.45333862304688,246.32666015625,241.45333862304688,244.0,1492800,244.0,USD
2021-03-12,240.3733367919922,245.47000122070312,240.0,244.663330078125,1467300,244.663330078125,USD
2021-03-15,242.44000244140625,245.8500061035156,241.683334350586,245.0200042724609,1202700,245.0200042724609,USD
2021-03-16,246.80332946777344,247.1666717529297,240.5033264160156,242.2100067138672,1277400,242.2100067138672,USD
2021-03-17,241.44332885742188,242.9900054931641,237.6000061035156,241.54666137695312,1056600,241.54666137695312,USD
2021-03-18,238.5733337402344,239.856674194336,231.6866607666016,233.106674194336,1940400,233.106674194336,USD
2021-03-19,233.8333282470703,238.2400054931641,231.79666137695312,235.8300018310547,2377800,235.8300018310547,USD
2021-03-22,235.9066619873047,240.3866729736328,234.3800048828125,238.2433319091797,1309800,238.2433319091797,USD
2021-03-23,238.836669921875,240.32666015625,235.88333129882807,236.94000244140625,1005000,236.94000244140625,USD
2021-03-24,237.3333282470703,240.1133270263672,235.163330078125,237.02333068847656,1452000,237.02333068847656,USD
2021-03-25,236.88333129882807,238.13999938964844,231.2066650390625,234.8333282470703,1380000,234.8333282470703,USD
2021-03-26,235.69332885742188,243.94667053222656,234.9166717529297,243.5833282470703,1707600,243.5833282470703,USD
2021-03-29,243.1499938964844,244.7133331298828,239.1100006103516,241.3166656494141,1350900,241.3166656494141,USD
2021-03-30,239.70333862304688,242.9966735839844,238.17333984375,242.163330078125,1442400,242.163330078125,USD
2021-03-31,242.85333251953125,247.97666931152344,242.4199981689453,246.31333923339844,1695300,246.31333923339844,USD
2021-04-01,249.9966735839844,252.69000244140625,248.6266632080078,249.1999969482422,1357800,249.1999969482422,USD
2021-04-05,250.07000732421875,256.8766784667969,250.07000732421875,255.3099975585937,1697700,255.3099975585937,USD
2021-04-06,255.7100067138672,258.75665283203125,253.6000061035156,255.61666870117188,1155900,255.61666870117188,USD
2021-04-07,255.79666137695312,257.00665283203125,253.19000244140625,253.67333984375,1101000,253.67333984375,USD
2021-04-08,255.3166656494141,258.0333251953125,255.3166656494141,256.7833251953125,906000,256.7833251953125,USD
2021-04-09,257.8599853515625,262.1066589355469,256.1600036621094,261.49334716796875,1065900,261.49334716796875,USD
2021-04-12,259.3766784667969,261.8866577148437,259.1066589355469,259.7533264160156,1008600,259.7533264160156,USD
2021-04-13,259.6499938964844,265.6099853515625,259.6499938964844,264.8233337402344,1286100,264.8233337402344,USD
2021-04-14,264.0,266.75,261.6000061035156,261.9433288574219,1113000,261.9433288574219,USD
2021-04-15,264.2200012207031,269.3333435058594,263.1000061035156,268.239990234375,1236900,268.239990234375,USD
2021-04-16,269.2166748046875,271.1333312988281,267.2833251953125,270.8566589355469,1618200,270.8566589355469,USD
2021-04-19,269.5899963378906,271.8933410644531,267.50665283203125,270.39666748046875,1557900,270.39666748046875,USD
2021-04-20,268.8866577148437,274.84332275390625,268.8833312988281,270.3699951171875,2079600,270.3699951171875,USD
2021-04-21,280.3066711425781,297.92999267578125,273.3333435058594,297.1266784667969,6293700,297.1266784667969,USD
2021-04-22,294.9633178710937,295.9633178710937,286.1866760253906,286.5533447265625,3642900,286.5533447265625,USD
2021-04-23,283.7300109863281,294.3066711425781,280.9066772460937,291.84332275390625,2500500,291.84332275390625,USD
2021-04-26,288.8133239746094,290.69000244140625,286.72332763671875,288.64666748046875,1753500,288.64666748046875,USD
2021-04-27,289.0,289.0,286.1666564941406,287.1266784667969,1531200,287.1266784667969,USD
2021-04-28,287.5233459472656,291.9433288574219,286.99334716796875,289.5966796875,1712100,289.5966796875,USD
2021-04-29,291.2333374023437,291.2333374023437,285.94000244140625,287.739990234375,1154400,287.739990234375,USD
2021-04-30,285.6566772460937,288.6366577148437,285.0899963378906,288.3333435058594,1432800,288.3333435058594,USD
2021-05-03,291.1566772460937,291.663330078125,286.7133178710937,289.1833190917969,1133400,289.1833190917969,USD
2021-05-04,287.239990234375,287.3599853515625,278.03668212890625,282.9966735839844,1971000,282.9966735839844,USD
2021-05-05,284.7099914550781,286.99334716796875,278.84332275390625,279.4666748046875,1468500,279.4666748046875,USD
2021-05-06,278.086669921875,280.89666748046875,275.2200012207031,280.82000732421875,1263900,280.82000732421875,USD
2021-05-07,281.76666259765625,287.760009765625,281.76666259765625,285.6966552734375,1471800,285.6966552734375,USD
2021-05-10,286.34332275390625,287.3333435058594,277.6866760253906,278.2633361816406,1508400,278.2633361816406,USD
2021-05-11,274.3866577148437,280.2733459472656,273.663330078125,278.9166564941406,1454100,278.9166564941406,USD
2021-05-12,274.6833190917969,275.1600036621094,268.0899963378906,270.5966796875,1708200,270.5966796875,USD
2021-05-13,271.07000732421875,275.69000244140625,271.07000732421875,273.5299987792969,1186500,273.5299987792969,USD
2021-05-14,274.3233337402344,279.8133239746094,273.836669921875,277.7933349609375,1086900,277.7933349609375,USD
2021-05-17,276.260009765625,276.260009765625,270.5333251953125,272.336669921875,2046300,272.336669921875,USD
2021-05-18,273.8866577148437,274.6666564941406,271.19000244140625,271.5400085449219,1588200,271.5400085449219,USD
2021-05-19,267.2466735839844,272.34332275390625,265.9033203125,272.32000732421875,1473600,272.32000732421875,USD
2021-05-20,273.8933410644531,278.9700012207031,273.2466735839844,277.5533447265625,3236100,277.5533447265625,USD
2021-05-21,280.0,281.0033264160156,274.6933288574219,274.9966735839844,1521000,274.9966735839844,USD
2021-05-24,277.6833190917969,280.1199951171875,277.4200134277344,278.3066711425781,2175900,278.3066711425781,USD
2021-05-25,280.0966796875,282.2533264160156,279.4599914550781,282.0033264160156,2028900,282.0033264160156,USD
2021-05-26,282.3699951171875,283.2300109863281,278.3999938964844,279.7933349609375,1485300,279.7933349609375,USD
2021-05-27,279.5666809082031,282.17999267578125,276.3999938964844,278.1199951171875,3920400,278.1199951171875,USD
2021-05-28,279.663330078125,284.7733459472656,279.663330078125,280.7266540527344,1575900,280.7266540527344,USD
2021-06-01,284.25665283203125,284.25665283203125,276.25,278.67999267578125,1493700,278.67999267578125,USD
2021-06-02,278.739990234375,279.29998779296875,272.9766540527344,273.8466796875,1195800,273.8466796875,USD
2021-06-03,270.9633178710937,274.9466552734375,270.3699951171875,272.2166748046875,1260900,272.2166748046875,USD
2021-06-04,273.85333251953125,278.5966796875,273.7099914550781,277.1499938964844,1374600,277.1499938964844,USD
2021-06-07,278.3866577148437,281.0633239746094,276.2699890136719,277.0400085449219,1089000,277.0400085449219,USD
2021-06-08,278.45001220703125,280.3800048828125,275.39666748046875,277.8900146484375,1242900,277.8900146484375,USD
2021-06-09,278.760009765625,281.3233337402344,278.25,280.0799865722656,1085100,280.0799865722656,USD
2021-06-10,281.0233459472656,286.5433349609375,280.3800048828125,286.3800048828125,1189200,286.3800048828125,USD
2021-06-11,286.6666564941406,288.1000061035156,285.1233215332031,288.0899963378906,1335600,288.0899963378906,USD
2021-06-14,287.42999267578125,291.1366577148437,286.5466613769531,290.92999267578125,1263900,290.92999267578125,USD
2021-06-15,291.6666564941406,291.7833251953125,289.8866577148437,290.78668212890625,1311300,290.78668212890625,USD
2021-06-16,291.4533386230469,293.8733215332031,288.3333435058594,290.47332763671875,1344600,290.47332763671875,USD
2021-06-17,289.7466735839844,297.0899963378906,288.7933349609375,295.0033264160156,1567200,295.0033264160156,USD
2021-06-18,293.510009765625,295.3333435058594,291.8666687011719,292.9533386230469,2403600,292.9533386230469,USD
2021-06-21,294.9533386230469,300.3166809082031,291.8599853515625,298.0,1424100,298.0,USD
2021-06-22,298.42333984375,301.0,295.6933288574219,300.6533203125,1349400,300.6533203125,USD
2021-06-23,300.0,303.78668212890625,299.7300109863281,301.8066711425781,1292400,301.8066711425781,USD
2021-06-24,304.42999267578125,304.57000732421875,300.1199951171875,301.5233459472656,1023000,301.5233459472656,USD
2021-06-25,301.6666564941406,304.0633239746094,301.2166748046875,302.7833251953125,1303200,302.7833251953125,USD
2021-06-28,303.260009765625,304.8500061035156,301.5,304.1366577148437,1245600,304.1366577148437,USD
2021-06-29,305.0,308.67999267578125,303.6600036621094,306.9066772460937,1241100,306.9066772460937,USD
2021-06-30,306.6833190917969,308.3333435058594,304.00665283203125,306.5466613769531,1619400,306.5466613769531,USD
2021-07-01,305.84332275390625,309.3333435058594,305.4966735839844,309.1533203125,1093500,309.1533203125,USD
2021-07-02,310.2933349609375,313.1566772460937,309.7699890136719,312.7200012207031,1015500,312.7200012207031,USD
2021-07-06,314.1833190917969,316.42999267578125,309.1566772460937,316.0133361816406,1726200,316.0133361816406,USD
2021-07-07,318.0033264160156,320.2900085449219,316.2300109863281,318.2300109863281,1492800,318.2300109863281,USD
2021-07-08,313.7466735839844,317.9366760253906,312.1066589355469,317.2900085449219,1365900,317.2900085449219,USD
2021-07-09,317.2900085449219,318.39666748046875,312.7200012207031,316.9266662597656,1023900,316.9266662597656,USD
2021-07-12,317.4466552734375,320.22332763671875,315.50665283203125,319.6833190917969,1031100,319.6833190917969,USD
2021-07-13,320.7733459472656,321.6833190917969,318.2833251953125,318.75,856500,318.75,USD
2021-07-14,321.5199890136719,321.6533203125,317.3933410644531,318.3599853515625,958200,318.3599853515625,USD
2021-07-15,317.69000244140625,319.6433410644531,315.85333251953125,317.8866577148437,1383600,317.8866577148437,USD
2021-07-16,318.5466613769531,319.6366577148437,316.4466552734375,316.7033386230469,1055400,316.7033386230469,USD
2021-07-19,314.6666564941406,314.6666564941406,308.82666015625,310.7300109863281,2106000,310.7300109863281,USD
2021-07-20,311.6499938964844,321.99334716796875,309.6433410644531,318.3500061035156,2732700,318.3500061035156,USD
2021-07-21,328.3333435058594,329.0899963378906,308.8399963378906,314.9800109863281,2541000,314.9800109863281,USD
2021-07-22,317.07000732421875,325.3066711425781,315.44000244140625,324.6300048828125,1954500,324.6300048828125,USD
2021-07-23,323.8800048828125,326.1300048828125,320.8399963378906,325.4866638183594,1317600,325.4866638183594,USD
2021-07-26,323.27667236328125,324.6700134277344,318.0833435058594,322.0333251953125,1604100,322.0333251953125,USD
2021-07-27,322.5433349609375,325.0333251953125,320.0733337402344,325.02667236328125,1072200,325.02667236328125,USD
2021-07-28,325.02667236328125,326.6666564941406,322.9800109863281,324.1666564941406,971400,324.1666564941406,USD
2021-07-29,324.3333435058594,327.7099914550781,323.4700012207031,327.163330078125,949200,327.163330078125,USD
2021-07-30,326.3699951171875,331.6966552734375,325.7066650390625,330.4866638183594,1239000,330.4866638183594,USD
2021-08-02,331.9966735839844,332.8900146484375,328.6766662597656,330.8500061035156,934800,330.8500061035156,USD
2021-08-03,331.6766662597656,333.6666564941406,329.67999267578125,333.2033386230469,976800,333.2033386230469,USD
2021-08-04,333.3333435058594,334.0,329.913330078125,330.2933349609375,1285200,330.2933349609375,USD
2021-08-05,337.3333435058594,341.3333435058594,332.8933410644531,339.70001220703125,1672200,339.70001220703125,USD
2021-08-06,340.0,343.49334716796875,335.7466735839844,343.3399963378906,1488900,343.3399963378906,USD
2021-08-09,344.36334228515625,345.3500061035156,341.9333190917969,344.0,1086000,344.0,USD
2021-08-10,344.6300048828125,345.0333251953125,331.4700012207031,331.8733215332031,1800900,331.8733215332031,USD
2021-08-11,333.1700134277344,335.67333984375,328.8900146484375,331.8833312988281,1326300,331.8833312988281,USD
2021-08-12,332.9200134277344,337.03668212890625,332.1600036621094,333.3333435058594,1577100,333.3333435058594,USD
2021-08-13,333.89666748046875,335.1666564941406,332.1333312988281,334.3466796875,1465200,334.3466796875,USD
2021-08-16,334.7366638183594,339.6866760253906,333.163330078125,339.413330078125,1147800,339.413330078125,USD
2021-08-17,338.6400146484375,346.6666564941406,337.2033386230469,345.0,1512300,345.0,USD
2021-08-18,344.4766540527344,349.6666564941406,344.34332275390625,346.4599914550781,1252200,346.4599914550781,USD
2021-08-19,345.94000244140625,352.9766540527344,344.2366638183594,351.8800048828125,1460100,351.8800048828125,USD
2021-08-20,352.1199951171875,353.9433288574219,346.9700012207031,347.94000244140625,1841700,347.94000244140625,USD
2021-08-23,350.5733337402344,353.2699890136719,344.77667236328125,348.67333984375,1510800,348.67333984375,USD
2021-08-24,350.0,352.9700012207031,346.57666015625,348.89666748046875,1421700,348.89666748046875,USD
2021-08-25,348.8999938964844,350.0,346.3500061035156,347.9866638183594,1324200,347.9866638183594,USD
2021-08-26,349.3733215332031,350.0199890136719,345.29998779296875,347.4166564941406,1405200,347.4166564941406,USD
2021-08-27,348.5133361816406,350.04998779296875,344.6700134277344,345.50665283203125,1374600,345.50665283203125,USD
2021-08-30,347.0566711425781,353.3166809082031,347.0566711425781,352.9700012207031,889800,352.9700012207031,USD
2021-08-31,353.0433349609375,353.92333984375,347.92333984375,351.1866760253906,1377000,351.1866760253906,USD
2021-09-01,351.6666564941406,354.7900085449219,349.1766662597656,354.2366638183594,1046400,354.2366638183594,USD
2021-09-02,355.6000061035156,359.02667236328125,355.163330078125,357.1766662597656,1211400,357.1766662597656,USD
2021-09-03,357.10333251953125,358.7633361816406,352.6833190917969,357.25665283203125,1013100,357.25665283203125,USD
2021-09-07,357.7533264160156,359.5199890136719,354.3333435058594,359.3866577148437,988800,359.3866577148437,USD
2021-09-08,359.3333435058594,362.336669921875,357.4666748046875,360.8533325195313,1048200,360.8533325195313,USD
2021-09-09,361.0533447265625,361.9533386230469,356.54998779296875,356.6700134277344,1164000,356.6700134277344,USD
2021-09-10,359.54998779296875,360.6833190917969,337.6666564941406,341.1566772460937,3431100,341.1566772460937,USD
2021-09-13,343.8099975585937,344.1933288574219,337.0,342.6066589355469,1906500,342.6066589355469,USD
2021-09-14,344.5233459472656,348.9566650390625,342.6600036621094,346.336669921875,1650300,346.336669921875,USD
2021-09-15,346.6666564941406,348.9866638183594,343.7066650390625,348.50665283203125,1608000,348.50665283203125,USD
2021-09-16,348.52667236328125,349.1433410644531,342.9200134277344,344.6700134277344,1540200,344.6700134277344,USD
2021-09-17,345.0966796875,346.82000732421875,342.6766662597656,345.75665283203125,1905900,345.75665283203125,USD
2021-09-20,341.4666748046875,343.9566650390625,333.3500061035156,337.9966735839844,1987500,337.9966735839844,USD
2021-09-21,340.28668212890625,343.2066650390625,337.6666564941406,338.0133361816406,1913700,338.0133361816406,USD
2021-09-22,340.0,345.7733459472656,338.3333435058594,342.8233337402344,1578300,342.8233337402344,USD
2021-09-23,343.75,350.6333312988281,343.510009765625,348.2799987792969,1916100,348.2799987792969,USD
2021-09-24,346.8599853515625,348.6566772460937,343.489990234375,347.77667236328125,1484700,347.77667236328125,USD
2021-09-27,346.6300048828125,346.663330078125,334.3333435058594,337.9166564941406,1908600,337.9166564941406,USD
2021-09-28,335.1766662597656,335.57666015625,326.1766662597656,330.8299865722656,2054400,330.8299865722656,USD
2021-09-29,331.9666748046875,334.67999267578125,329.6700134277344,330.7833251953125,1371300,330.7833251953125,USD
2021-09-30,332.489990234375,336.76666259765625,331.1099853515625,331.3833312988281,1380000,331.3833312988281,USD
2021-10-01,331.3333435058594,340.5199890136719,325.3333435058594,336.5,2250300,336.5,USD
2021-10-04,333.35333251953125,333.7166748046875,321.0533447265625,323.5,2107800,323.5,USD
2021-10-05,325.92999267578125,335.0799865722656,323.6000061035156,330.07000732421875,1478200,330.07000732421875,USD
2021-10-06,329.5400085449219,335.3800048828125,327.5,334.94000244140625,1850900,334.94000244140625,USD
2021-10-07,341.3599853515625,346.8399963378906,337.8500061035156,338.3399963378906,1906500,338.3399963378906,USD
2021-10-08,339.69000244140625,342.1000061035156,328.010009765625,328.5400085449219,1367800,328.5400085449219,USD
2021-10-11,326.5,329.2099914550781,323.8399963378906,324.17999267578125,979400,324.17999267578125,USD
2021-10-12,328.0,329.1000061035156,321.8800048828125,324.45001220703125,1276900,324.45001220703125,USD
2021-10-13,325.6700134277344,328.7200012207031,325.1400146484375,326.0,1866900,326.0,USD
2021-10-14,328.3900146484375,332.7799987792969,328.32000732421875,330.95001220703125,1432300,330.95001220703125,USD
2021-10-15,332.20001220703125,333.45001220703125,330.0,331.5,1387100,331.5,USD
2021-10-18,330.3299865722656,332.3800048828125,323.0400085449219,332.29998779296875,1530600,332.29998779296875,USD
2021-10-19,338.1099853515625,345.1600036621094,332.1700134277344,336.29998779296875,3642500,336.29998779296875,USD
2021-10-20,338.0,341.8999938964844,327.3900146484375,339.79998779296875,2458200,339.79998779296875,USD
2021-10-21,342.2200012207031,343.260009765625,337.44000244140625,339.6300048828125,1338100,339.6300048828125,USD
2021-10-22,339.75,342.82000732421875,337.6400146484375,341.5199890136719,1319000,341.5199890136719,USD
2021-10-25,340.19000244140625,347.0899963378906,336.760009765625,343.5899963378906,1938400,343.5899963378906,USD
2021-10-26,346.7099914550781,351.19000244140625,343.5899963378906,348.70001220703125,1736800,348.70001220703125,USD
2021-10-27,348.69000244140625,350.6300048828125,340.8500061035156,348.9800109863281,1684200,348.9800109863281,USD
2021-10-28,349.239990234375,356.6300048828125,349.239990234375,355.6099853515625,1371700,355.6099853515625,USD
2021-10-29,353.8500061035156,362.6700134277344,352.9200134277344,361.1300048828125,1558600,361.1300048828125,USD
2021-11-01,361.6900024414063,365.5199890136719,354.5299987792969,355.0299987792969,1812400,355.0299987792969,USD
2021-11-02,356.5799865722656,361.5,354.54998779296875,360.3699951171875,1046600,360.3699951171875,USD
2021-11-03,360.2900085449219,362.9200134277344,353.9599914550781,361.489990234375,1410000,361.489990234375,USD
2021-11-04,361.489990234375,364.3999938964844,359.010009765625,363.3200073242188,1067800,363.3200073242188,USD
2021-11-05,363.4200134277344,369.6900024414063,359.489990234375,364.9500122070313,1575400,364.9500122070313,USD
2021-11-08,366.0199890136719,368.1400146484375,361.9700012207031,365.4200134277344,908100,365.4200134277344,USD
2021-11-09,365.0,366.7900085449219,362.5700073242188,364.1499938964844,1123500,364.1499938964844,USD
2021-11-10,363.0,367.4800109863281,357.8900146484375,359.489990234375,1082100,359.489990234375,USD
2021-11-11,360.0,360.260009765625,348.6499938964844,350.7900085449219,1376700,350.7900085449219,USD
2021-11-12,353.67999267578125,356.6700134277344,350.4700012207031,354.92999267578125,928100,354.92999267578125,USD
2021-11-15,355.510009765625,357.19000244140625,351.7300109863281,353.5599975585937,878300,353.5599975585937,USD
2021-11-16,351.8599853515625,362.8200073242188,351.8599853515625,361.1199951171875,1182200,361.1199951171875,USD
2021-11-17,361.1199951171875,364.2200012207031,358.0,361.4200134277344,1449200,361.4200134277344,USD
2021-11-18,361.4599914550781,362.6600036621094,356.4200134277344,359.20001220703125,896600,359.20001220703125,USD
2021-11-19,359.20001220703125,359.9599914550781,346.0,348.6499938964844,1677600,348.6499938964844,USD
2021-11-22,348.0,349.0,340.42999267578125,340.7200012207031,2041300,340.7200012207031,USD
2021-11-23,341.0,341.69000244140625,332.8099975585937,335.8999938964844,2070800,335.8999938964844,USD
2021-11-24,335.45001220703125,340.5,331.7900085449219,339.4200134277344,993400,339.4200134277344,USD
2021-11-26,330.6700134277344,334.95001220703125,328.0400085449219,329.2300109863281,1491800,329.2300109863281,USD
2021-11-29,332.8099975585937,339.6700134277344,328.20001220703125,334.739990234375,1763600,334.739990234375,USD
2021-11-30,335.2200012207031,336.2200012207031,321.5,324.3399963378906,2414400,324.3399963378906,USD
2021-12-01,328.6099853515625,330.1300048828125,319.6499938964844,319.92999267578125,1672500,319.92999267578125,USD
2021-12-02,319.92999267578125,329.5199890136719,318.44000244140625,327.32000732421875,1350000,327.32000732421875,USD
2021-12-03,329.20001220703125,329.989990234375,313.69000244140625,321.6300048828125,2485100,321.6300048828125,USD
2021-12-06,321.239990234375,325.5299987792969,314.0,323.7699890136719,2954000,323.7699890136719,USD
2021-12-07,329.9100036621094,342.6199951171875,329.5,340.489990234375,2138400,340.489990234375,USD
2021-12-08,340.8500061035156,341.989990234375,337.1300048828125,340.79998779296875,2094900,340.79998779296875,USD
2021-12-09,339.7300109863281,345.9800109863281,338.7699890136719,340.3399963378906,1296700,340.3399963378906,USD
2021-12-10,343.1600036621094,346.0799865722656,341.4700012207031,344.9599914550781,1316600,344.9599914550781,USD
2021-12-13,344.739990234375,345.7699890136719,339.6300048828125,340.3599853515625,1530500,340.3599853515625,USD
2021-12-14,336.510009765625,336.510009765625,325.6000061035156,328.239990234375,1482100,328.239990234375,USD
2021-12-15,330.3500061035156,334.8999938964844,323.7900085449219,331.6600036621094,2192100,331.6600036621094,USD
2021-12-16,338.010009765625,341.7200012207031,333.1300048828125,334.5299987792969,2004100,334.5299987792969,USD
2021-12-17,332.3999938964844,343.1000061035156,332.3999938964844,337.3999938964844,2623000,337.3999938964844,USD
2021-12-20,330.3800048828125,334.20001220703125,326.0599975585937,332.1099853515625,1560400,332.1099853515625,USD
2021-12-21,333.45001220703125,348.7699890136719,332.6400146484375,348.0899963378906,1699200,348.0899963378906,USD
2021-12-22,346.9599914550781,362.5400085449219,346.8299865722656,362.2099914550781,1410400,362.2099914550781,USD
2021-12-23,360.6499938964844,365.6700134277344,357.3299865722656,363.9400024414063,1022500,363.9400024414063,USD
2021-12-27,363.4599914550781,366.5299987792969,361.6099853515625,364.5799865722656,1136600,364.5799865722656,USD
2021-12-28,364.5799865722656,366.7200012207031,362.0299987792969,364.5400085449219,931200,364.5400085449219,USD
2021-12-29,365.3599853515625,369.2099914550781,364.0199890136719,365.2699890136719,897500,365.2699890136719,USD
2021-12-30,366.0899963378906,367.6499938964844,362.80999755859375,363.2999877929688,754500,363.2999877929688,USD
2021-12-31,363.0199890136719,366.1499938964844,358.7900085449219,359.29998779296875,1157700,359.29998779296875,USD
2022-01-03,358.6499938964844,360.510009765625,353.1300048828125,360.0,1573300,360.0,USD
2022-01-04,360.0,362.0,352.57000732421875,354.6300048828125,1310900,354.6300048828125,USD
2022-01-05,352.489990234375,355.70001220703125,341.6499938964844,341.95001220703125,1804800,341.95001220703125,USD
2022-01-06,339.8800048828125,341.7099914550781,333.3800048828125,334.17999267578125,1701800,334.17999267578125,USD
2022-01-07,330.94000244140625,333.07000732421875,323.2300109863281,324.2900085449219,1746900,324.2900085449219,USD
2022-01-10,321.17999267578125,325.8099975585937,315.25,325.5299987792969,2057500,325.5299987792969,USD
2022-01-11,325.7699890136719,328.1600036621094,318.739990234375,328.0199890136719,1825200,328.0199890136719,USD
2022-01-12,324.8099975585937,327.1400146484375,319.5599975585937,323.1600036621094,2106800,323.1600036621094,USD
2022-01-13,324.9800109863281,325.010009765625,312.3900146484375,313.2099914550781,1717800,313.2099914550781,USD
2022-01-14,310.3900146484375,311.510009765625,303.8900146484375,307.739990234375,2299900,307.739990234375,USD
2022-01-18,301.3699951171875,301.4800109863281,294.6700134277344,295.489990234375,2313900,295.489990234375,USD
2022-01-19,296.07000732421875,299.6300048828125,293.0,293.4599914550781,1917900,293.4599914550781,USD
2022-01-20,296.0,304.42999267578125,291.82000732421875,292.7300109863281,2772300,292.7300109863281,USD
2022-01-21,275.0400085449219,281.5799865722656,267.29998779296875,269.5299987792969,5584200,269.5299987792969,USD
2022-01-24,264.6199951171875,272.7799987792969,254.1999969482422,271.9800109863281,4706500,271.9800109863281,USD
2022-01-25,261.6400146484375,268.3999938964844,260.29998779296875,264.1400146484375,2768200,264.1400146484375,USD
2022-01-26,269.0,275.010009765625,261.20001220703125,264.4599914550781,3512700,264.4599914550781,USD
2022-01-27,267.5899963378906,270.8299865722656,261.0199890136719,262.7699890136719,2584300,262.7699890136719,USD
2022-01-28,264.4200134277344,272.0400085449219,258.1199951171875,271.7900085449219,2712800,271.7900085449219,USD
2022-01-31,276.2300109863281,285.2300109863281,273.8099975585937,284.17999267578125,2993400,284.17999267578125,USD
2022-02-01,285.17999267578125,289.70001220703125,281.6099853515625,286.510009765625,2098700,286.510009765625,USD
2022-02-02,292.0799865722656,295.260009765625,289.07000732421875,292.94000244140625,2328900,292.94000244140625,USD
2022-02-03,286.8399963378906,291.9599914550781,284.9100036621094,285.6000061035156,1920200,285.6000061035156,USD
2022-02-04,282.8500061035156,288.2900085449219,280.4599914550781,285.7300109863281,1633900,285.7300109863281,USD
2022-02-07,284.4100036621094,290.8999938964844,283.5599975585937,284.8900146484375,1721500,284.8900146484375,USD
2022-02-08,283.6499938964844,285.3500061035156,277.8099975585937,283.3900146484375,2047900,283.3900146484375,USD
2022-02-09,287.1099853515625,292.94000244140625,287.1099853515625,292.17999267578125,2141900,292.17999267578125,USD
2022-02-10,287.69000244140625,294.9800109863281,286.739990234375,292.489990234375,2882900,292.489990234375,USD
2022-02-11,291.5299987792969,294.4800109863281,282.20001220703125,283.1600036621094,2267400,283.1600036621094,USD
2022-02-14,283.239990234375,286.1700134277344,279.0299987792969,281.1400146484375,1563300,281.1400146484375,USD
2022-02-15,285.0,290.6099853515625,284.79998779296875,289.3099975585937,1413700,289.3099975585937,USD
2022-02-16,289.0,292.3599853515625,282.7200012207031,291.1400146484375,1797200,291.1400146484375,USD
2022-02-17,289.4700012207031,290.0,283.5,284.0799865722656,1573500,284.0799865722656,USD
2022-02-18,283.3699951171875,286.6000061035156,280.239990234375,280.7799987792969,1423600,280.7799987792969,USD
2022-02-22,278.1199951171875,287.32000732421875,277.3500061035156,284.0,2116800,284.0,USD
2022-02-23,284.95001220703125,286.45001220703125,275.5599975585937,276.5,1706000,276.5,USD
2022-02-24,266.2200012207031,289.2900085449219,266.0199890136719,288.3800048828125,2733700,288.3800048828125,USD
2022-02-25,289.0799865722656,293.6199951171875,284.6499938964844,293.510009765625,1454800,293.510009765625,USD
2022-02-28,290.2099914550781,293.3299865722656,286.4700012207031,290.3299865722656,1644400,290.3299865722656,USD
2022-03-01,289.9599914550781,293.7900085449219,287.010009765625,291.54998779296875,1645700,291.54998779296875,USD
2022-03-02,294.1499938964844,300.7200012207031,291.8099975585937,299.010009765625,1748300,299.010009765625,USD
2022-03-03,301.2200012207031,304.2799987792969,298.4100036621094,299.82000732421875,2098600,299.82000732421875,USD
2022-03-04,296.7099914550781,303.0,294.7200012207031,302.2799987792969,1995700,302.2799987792969,USD
2022-03-07,300.5,304.67999267578125,291.6099853515625,292.69000244140625,2866200,292.69000244140625,USD
2022-03-08,286.6600036621094,288.9800109863281,268.9200134277344,269.32000732421875,3452100,269.32000732421875,USD
2022-03-09,277.45001220703125,279.79998779296875,272.739990234375,278.82000732421875,2080700,278.82000732421875,USD
2022-03-10,272.8900146484375,276.7200012207031,271.0,275.7200012207031,1331100,275.7200012207031,USD
2022-03-11,278.25,281.75,273.4599914550781,273.69000244140625,1841900,273.69000244140625,USD
2022-03-14,272.3399963378906,277.8099975585937,262.5299987792969,263.79998779296875,2722100,263.79998779296875,USD
2022-03-15,267.6499938964844,270.8399963378906,265.0,270.0,3024600,270.0,USD
2022-03-16,273.54998779296875,279.7699890136719,268.7099914550781,277.8500061035156,2429800,277.8500061035156,USD
2022-03-17,277.739990234375,283.5,276.5299987792969,282.95001220703125,1799900,282.95001220703125,USD
2022-03-18,283.3099975585937,291.20001220703125,278.5599975585937,290.1099853515625,3152700,290.1099853515625,USD
2022-03-21,287.6600036621094,290.0899963378906,279.510009765625,283.2799987792969,1646000,283.2799987792969,USD
2022-03-22,283.1099853515625,287.9100036621094,281.739990234375,286.44000244140625,1529300,286.44000244140625,USD
2022-03-23,284.5199890136719,284.5199890136719,274.5199890136719,275.20001220703125,1639600,275.20001220703125,USD
2022-03-24,276.82000732421875,281.19000244140625,273.6499938964844,281.0799865722656,1513300,281.0799865722656,USD
2022-03-25,285.0899963378906,286.94000244140625,282.2799987792969,286.8699951171875,1435100,286.8699951171875,USD
2022-03-28,286.0400085449219,295.4599914550781,285.32000732421875,294.95001220703125,1963600,294.95001220703125,USD
2022-03-29,298.3500061035156,302.510009765625,298.3500061035156,302.0,1618900,302.0,USD
2022-03-30,301.67999267578125,306.5899963378906,299.5199890136719,304.44000244140625,1914800,304.44000244140625,USD
2022-03-31,305.0799865722656,307.8500061035156,301.5899963378906,301.67999267578125,2733600,301.67999267578125,USD
2022-04-01,304.0,306.07000732421875,301.20001220703125,305.5400085449219,1470400,305.5400085449219,USD
2022-04-04,306.5,308.9700012207031,301.0899963378906,302.25,1561100,302.25,USD
2022-04-05,301.989990234375,303.79998779296875,293.3399963378906,295.9200134277344,1488800,295.9200134277344,USD
2022-04-06,290.95001220703125,291.7699890136719,283.25,288.6700134277344,1939600,288.6700134277344,USD
2022-04-07,286.3800048828125,293.5599975585937,286.1199951171875,291.82000732421875,1329400,291.82000732421875,USD
2022-04-08,290.0400085449219,293.0,287.0799865722656,289.8599853515625,959800,289.8599853515625,USD
2022-04-11,286.2799987792969,286.67999267578125,278.4700012207031,278.9599914550781,1391300,278.9599914550781,USD
2022-04-12,281.0599975585937,286.3999938964844,276.19000244140625,277.8500061035156,1138800,277.8500061035156,USD
2022-04-13,279.1700134277344,286.25,278.6000061035156,285.2200012207031,1133500,285.2200012207031,USD
2022-04-14,286.1000061035156,287.1499938964844,278.95001220703125,279.70001220703125,1582500,279.70001220703125,USD
2022-04-18,278.989990234375,280.2799987792969,273.4100036621094,276.3500061035156,1127100,276.3500061035156,USD
2022-04-19,278.5,295.69000244140625,278.0400085449219,294.8599853515625,2660000,294.8599853515625,USD
2022-04-20,297.0799865722656,307.3699951171875,294.92999267578125,302.8999938964844,2161000,302.8999938964844,USD
2022-04-21,303.32000732421875,308.0,293.8099975585937,294.57000732421875,2496800,294.57000732421875,USD
2022-04-22,275.0,276.32000732421875,251.5200042724609,252.33999633789065,6845300,252.33999633789065,USD
2022-04-25,250.2899932861328,259.7200012207031,250.2899932861328,255.1199951171875,3253900,255.1199951171875,USD
2022-04-26,253.0399932861328,255.63999938964844,244.44000244140625,244.5200042724609,2484400,244.5200042724609,USD
2022-04-27,244.44000244140625,247.92999267578125,235.07000732421875,235.3500061035156,3849100,235.3500061035156,USD
2022-04-28,236.2899932861328,244.58999633789065,235.9499969482422,243.259994506836,3142500,243.259994506836,USD
2022-04-29,241.4499969482422,246.3000030517578,238.5,239.3000030517578,2913500,239.3000030517578,USD
2022-05-02,239.9900054931641,242.2400054931641,234.1499938964844,240.6600036621093,2421200,240.6600036621093,USD
2022-05-03,239.5,242.0,236.13999938964844,238.1100006103516,1648000,238.1100006103516,USD
2022-05-04,236.9900054931641,246.9900054931641,233.82000732421875,246.3099975585937,2135700,246.3099975585937,USD
2022-05-05,242.92999267578125,244.6699981689453,231.1300048828125,233.97999572753903,3058200,233.97999572753903,USD
2022-05-06,232.07000732421875,232.2700042724609,221.07000732421875,224.8500061035156,3013800,224.8500061035156,USD
2022-05-09,221.5500030517578,221.5500030517578,207.17999267578125,208.7100067138672,3754700,208.7100067138672,USD
2022-05-10,214.6999969482422,217.3099975585937,206.6000061035156,211.38999938964844,2253000,211.38999938964844,USD
2022-05-11,210.7400054931641,217.88999938964844,208.47999572753903,210.8699951171875,2690200,210.8699951171875,USD
2022-05-12,208.0800018310547,214.0599975585937,207.2400054931641,211.69000244140625,2035900,211.69000244140625,USD
2022-05-13,215.0,224.67999267578125,215.0,223.69000244140625,2250600,223.69000244140625,USD
2022-05-16,221.1199951171875,223.3000030517578,217.57000732421875,219.52999877929688,1569600,219.52999877929688,USD
2022-05-17,223.5200042724609,226.2899932861328,220.6100006103516,225.17999267578125,1324100,225.17999267578125,USD
2022-05-18,221.2100067138672,223.3999938964844,214.3099975585937,215.3500061035156,2031700,215.3500061035156,USD
2022-05-19,215.0599975585937,221.1699981689453,213.9600067138672,218.13999938964844,1722800,218.13999938964844,USD
2022-05-20,222.3099975585937,223.2700042724609,212.9100036621093,219.07000732421875,1817900,219.07000732421875,USD
2022-05-23,222.27999877929688,222.9900054931641,216.8999938964844,221.6100006103516,1496400,221.6100006103516,USD
2022-05-24,219.2100067138672,219.69000244140625,214.8800048828125,218.38999938964844,1519000,218.38999938964844,USD
2022-05-25,216.17999267578125,224.259994506836,216.1699981689453,222.5800018310547,1466100,222.5800018310547,USD
2022-05-26,223.4100036621093,226.0599975585937,221.13999938964844,223.3000030517578,2562800,223.3000030517578,USD
2022-05-27,226.5,229.88999938964844,224.44000244140625,229.1600036621093,2132900,229.1600036621093,USD
2022-05-31,228.3999938964844,230.0,224.8000030517578,227.63999938964844,2046500,227.63999938964844,USD
2022-06-01,227.7400054931641,230.0,212.1999969482422,216.38999938964844,2426100,216.38999938964844,USD
2022-06-02,216.3999938964844,227.33999633789065,214.07000732421875,227.2100067138672,2099500,227.2100067138672,USD
2022-06-03,224.0399932861328,224.509994506836,216.97000122070312,217.7899932861328,1524400,217.7899932861328,USD
2022-06-06,221.4499969482422,222.83999633789065,215.47999572753903,216.42999267578125,1374300,216.42999267578125,USD
2022-06-07,215.2899932861328,222.57000732421875,214.5800018310547,221.9499969482422,1351900,221.9499969482422,USD
2022-06-08,221.0399932861328,222.82000732421875,218.1499938964844,218.6000061035156,1104500,218.6000061035156,USD
2022-06-09,216.3500061035156,216.97000122070312,209.9100036621093,209.9499969482422,1595300,209.9499969482422,USD
2022-06-10,206.8000030517578,208.0,203.6600036621093,205.2700042724609,1602600,205.2700042724609,USD
2022-06-13,199.0,200.2400054931641,193.759994506836,194.97000122070312,3539900,194.97000122070312,USD
2022-06-14,194.6300048828125,195.3300018310547,188.8099975585937,191.1000061035156,3184200,191.1000061035156,USD
2022-06-15,194.0,200.1499938964844,192.3600006103516,196.1300048828125,2409500,196.1300048828125,USD
2022-06-16,191.8699951171875,193.0500030517578,186.8300018310547,190.7100067138672,2449300,190.7100067138672,USD
2022-06-17,191.8000030517578,195.5,189.8999938964844,192.0800018310547,3802200,192.0800018310547,USD
2022-06-21,195.63999938964844,197.6499938964844,193.92999267578125,194.32000732421875,1859500,194.32000732421875,USD
2022-06-22,192.9100036621093,203.6999969482422,191.8999938964844,200.6199951171875,2580900,200.6199951171875,USD
2022-06-23,202.8999938964844,206.92999267578125,201.8099975585937,204.5,1612000,204.5,USD
2022-06-24,207.6100006103516,209.8500061035156,203.82000732421875,209.6699981689453,2270300,209.6699981689453,USD
2022-06-27,208.8000030517578,209.8800048828125,205.8800048828125,207.94000244140625,1900800,207.94000244140625,USD
2022-06-28,209.0200042724609,211.47000122070312,201.1699981689453,201.9900054931641,1662000,201.9900054931641,USD
2022-06-29,201.8500061035156,203.8500061035156,197.8500061035156,202.58999633789065,1655400,202.58999633789065,USD
2022-06-30,201.4600067138672,203.3800048828125,197.6100006103516,200.7100067138672,2224300,200.7100067138672,USD
2022-07-01,201.07000732421875,206.3300018310547,200.0,206.1000061035156,1459700,206.1000061035156,USD
2022-07-05,203.0599975585937,207.32000732421875,200.1199951171875,206.75,1432700,206.75,USD
2022-07-06,207.77999877929688,209.47999572753903,204.3300018310547,205.3500061035156,1654600,205.3500061035156,USD
2022-07-07,204.7899932861328,209.3699951171875,204.25,208.7100067138672,1396700,208.7100067138672,USD
2022-07-08,206.0500030517578,211.22000122070312,205.72999572753903,208.8099975585937,1149300,208.8099975585937,USD
2022-07-11,207.47999572753903,208.13999938964844,202.4900054931641,205.72000122070312,1197500,205.72000122070312,USD
2022-07-12,206.58999633789065,209.13999938964844,201.07000732421875,202.1300048828125,1519900,202.1300048828125,USD
2022-07-13,198.3000030517578,204.2899932861328,196.1000061035156,202.0599975585937,1482900,202.0599975585937,USD
2022-07-14,200.4100036621093,204.509994506836,197.3000030517578,204.3099975585937,1553700,204.3099975585937,USD
2022-07-15,207.8800048828125,211.1699981689453,207.3699951171875,210.9199981689453,2231100,210.9199981689453,USD
2022-07-18,211.42999267578125,213.6600036621093,205.32000732421875,206.259994506836,1523100,206.259994506836,USD
2022-07-19,210.4499969482422,214.6199951171875,208.8099975585937,214.44000244140625,1951900,214.44000244140625,USD
2022-07-20,215.0,221.08999633789065,214.1699981689453,219.22000122070312,1934400,219.22000122070312,USD
2022-07-21,220.9100036621093,225.44000244140625,219.5800018310547,224.75,2876900,224.75,USD
2022-07-22,207.44000244140625,217.4900054931641,203.3099975585937,211.8500061035156,6588300,211.8500061035156,USD
2022-07-25,213.2100067138672,221.8000030517578,212.2700042724609,219.1699981689453,3170900,219.1699981689453,USD
2022-07-26,218.1100006103516,219.9199981689453,214.0800018310547,216.7899932861328,2376900,216.7899932861328,USD
2022-07-27,219.4499969482422,226.57000732421875,219.4499969482422,225.33999633789065,2535400,225.33999633789065,USD
2022-07-28,224.9900054931641,231.259994506836,221.2100067138672,230.5399932861328,2218400,230.5399932861328,USD
2022-07-29,228.6499938964844,230.9499969482422,227.009994506836,230.1699981689453,1941300,230.1699981689453,USD
2022-08-01,227.3099975585937,231.5,226.57000732421875,228.5399932861328,1333300,228.5399932861328,USD
2022-08-02,234.42999267578125,244.9900054931641,233.52999877929688,238.47999572753903,3273800,238.47999572753903,USD
2022-08-03,239.0399932861328,243.3099975585937,236.44000244140625,242.17999267578125,1802700,242.17999267578125,USD
2022-08-04,242.07000732421875,242.9199981689453,239.6100006103516,242.4600067138672,1180400,242.4600067138672,USD
2022-08-05,237.67999267578125,241.67999267578125,236.5500030517578,240.32000732421875,1861100,240.32000732421875,USD
2022-08-08,241.0,245.3600006103516,238.63999938964844,239.1300048828125,2216200,239.1300048828125,USD
2022-08-09,238.1600036621093,238.67999267578125,232.44000244140625,232.8800048828125,1532500,232.8800048828125,USD
2022-08-10,239.759994506836,240.7899932861328,236.6300048828125,237.8500061035156,1943000,237.8500061035156,USD
2022-08-11,238.3800048828125,242.5599975585937,235.22999572753903,236.0200042724609,1625000,236.0200042724609,USD
2022-08-12,236.75,238.57000732421875,234.72999572753903,238.3699951171875,1744400,238.3699951171875,USD
2022-08-15,237.02999877929688,239.63999938964844,235.8099975585937,238.259994506836,1384100,238.259994506836,USD
2022-08-16,235.8999938964844,236.9499969482422,231.509994506836,233.7100067138672,1646900,233.7100067138672,USD
2022-08-17,230.7100067138672,232.47000122070312,228.3500061035156,229.7100067138672,1355000,229.7100067138672,USD
2022-08-18,230.7899932861328,231.33999633789065,226.82000732421875,229.58999633789065,1356700,229.58999633789065,USD
2022-08-19,227.3600006103516,227.9499969482422,223.5599975585937,224.77999877929688,2033100,224.77999877929688,USD
2022-08-22,221.1300048828125,222.509994506836,217.009994506836,218.5399932861328,2130800,218.5399932861328,USD
2022-08-23,216.9900054931641,218.5200042724609,214.8600006103516,216.8099975585937,1912800,216.8099975585937,USD
2022-08-24,218.19000244140625,222.6000061035156,217.94000244140625,220.47000122070312,1798800,220.47000122070312,USD
2022-08-25,222.83999633789065,225.1199951171875,220.8999938964844,225.0200042724609,1302500,225.0200042724609,USD
2022-08-26,224.57000732421875,225.3800048828125,210.94000244140625,211.08999633789065,2475100,211.08999633789065,USD
2022-08-29,209.2700042724609,211.67999267578125,207.83999633789065,208.8999938964844,1871900,208.8999938964844,USD
2022-08-30,210.1199951171875,211.75,205.3800048828125,206.5,1562900,206.5,USD
2022-08-31,208.509994506836,210.47999572753903,205.19000244140625,205.7400054931641,1867000,205.7400054931641,USD
2022-09-01,203.8500061035156,206.44000244140625,200.19000244140625,206.1100006103516,1500700,206.1100006103516,USD
2022-09-02,207.72000122070312,209.3699951171875,202.0399932861328,203.6699981689453,1539800,203.6699981689453,USD
2022-09-06,204.33999633789065,205.3800048828125,201.1499938964844,202.3000030517578,1445500,202.3000030517578,USD
2022-09-07,203.3600006103516,211.3699951171875,202.44000244140625,210.8699951171875,1732500,210.8699951171875,USD
2022-09-08,207.759994506836,217.38999938964844,207.759994506836,214.77999877929688,1827300,214.77999877929688,USD
2022-09-09,215.8600006103516,221.88999938964844,215.4499969482422,221.32000732421875,1900400,221.32000732421875,USD
2022-09-12,220.759994506836,223.4100036621093,219.4100036621093,222.0200042724609,1313600,222.0200042724609,USD
2022-09-13,214.6199951171875,216.72999572753903,210.8800048828125,211.3999938964844,2375100,211.3999938964844,USD
2022-09-14,210.77999877929688,212.97999572753903,208.5599975585937,210.77999877929688,1490900,210.77999877929688,USD
2022-09-15,211.0,215.4900054931641,209.1699981689453,209.6199951171875,2117500,209.6199951171875,USD
2022-09-16,206.75,207.42999267578125,203.4600067138672,206.27999877929688,2800900,206.27999877929688,USD
2022-09-19,203.8699951171875,204.32000732421875,199.47999572753903,202.2100067138672,2076400,202.2100067138672,USD
2022-09-20,201.1300048828125,201.1699981689453,196.7100067138672,199.5500030517578,1627200,199.5500030517578,USD
2022-09-21,200.38999938964844,203.5200042724609,195.0,195.0399932861328,1583300,195.0399932861328,USD
2022-09-22,193.4499969482422,194.4499969482422,189.0800018310547,191.0800018310547,1907300,191.0800018310547,USD
2022-09-23,190.1999969482422,191.13999938964844,186.9499969482422,190.5200042724609,1918600,190.5200042724609,USD
2022-09-26,189.9499969482422,192.4600067138672,187.0200042724609,187.92999267578125,1751800,187.92999267578125,USD
2022-09-27,190.5599975585937,191.5,184.94000244140625,186.3800048828125,1815800,186.3800048828125,USD
2022-09-28,188.3500061035156,193.6300048828125,186.2700042724609,192.3999938964844,1592700,192.3999938964844,USD
2022-09-29,189.6000061035156,191.25,187.08999633789065,189.0599975585937,1719200,189.0599975585937,USD
2022-09-30,190.1199951171875,194.4600067138672,187.0599975585937,187.44000244140625,2094000,187.44000244140625,USD
2022-10-03,189.3999938964844,195.1699981689453,187.97000122070312,193.3600006103516,1644600,193.3600006103516,USD
2022-10-04,197.8699951171875,202.8000030517578,197.63999938964844,201.5399932861328,2079600,201.5399932861328,USD
2022-10-05,198.2700042724609,202.5800018310547,196.3600006103516,201.3800048828125,1647300,201.3800048828125,USD
2022-10-06,200.08999633789065,202.67999267578125,197.22999572753903,197.6999969482422,1502200,197.6999969482422,USD
2022-10-07,194.6499938964844,195.6000061035156,187.6199951171875,188.67999267578125,1897100,188.67999267578125,USD
2022-10-10,187.94000244140625,188.6499938964844,184.32000732421875,186.5500030517578,1635100,186.5500030517578,USD
2022-10-11,186.22000122070312,189.6699981689453,183.52999877929688,185.8999938964844,1663400,185.8999938964844,USD
2022-10-12,186.5599975585937,186.97000122070312,183.57000732421875,186.33999633789065,1628400,186.33999633789065,USD
2022-10-13,181.1100006103516,192.44000244140625,180.07000732421875,190.3800048828125,2067300,190.3800048828125,USD
2022-10-14,193.2899932861328,194.5,182.5599975585937,183.0599975585937,2430100,183.0599975585937,USD
2022-10-17,186.259994506836,190.75,185.82000732421875,190.1199951171875,2379900,190.1199951171875,USD
2022-10-18,195.94000244140625,199.7700042724609,192.3999938964844,193.72999572753903,2957800,193.72999572753903,USD
2022-10-19,217.94000244140625,220.97999572753903,210.3600006103516,211.13999938964844,5873000,211.13999938964844,USD
2022-10-20,211.4100036621093,221.0,211.1199951171875,212.0,3664900,212.0,USD
2022-10-21,210.5,219.0399932861328,206.7700042724609,218.4900054931641,3142800,218.4900054931641,USD
2022-10-24,218.83999633789065,221.5599975585937,217.63999938964844,220.2700042724609,2430500,220.2700042724609,USD
2022-10-25,231.02999877929688,238.07000732421875,226.1100006103516,237.8699951171875,4646800,237.8699951171875,USD
2022-10-26,237.75,249.13999938964844,235.94000244140625,241.6600036621093,3699800,241.6600036621093,USD
2022-10-27,242.44000244140625,244.1000061035156,238.32000732421875,241.69000244140625,2770200,241.69000244140625,USD
2022-10-28,240.94000244140625,248.1100006103516,240.3999938964844,244.1600036621093,2901600,244.1600036621093,USD
2022-10-31,243.0,248.4100036621093,242.7899932861328,246.47000122070312,2704400,246.47000122070312,USD
2022-11-01,248.07000732421875,251.2899932861328,245.19000244140625,246.8600006103516,2277400,246.8600006103516,USD
2022-11-02,245.42999267578125,247.97000122070312,236.0,236.1300048828125,2708300,236.1300048828125,USD
2022-11-03,233.009994506836,236.1600036621093,231.07000732421875,234.19000244140625,2341300,234.19000244140625,USD
2022-11-04,237.9199981689453,240.7700042724609,233.6999969482422,239.52999877929688,1895900,239.52999877929688,USD
2022-11-07,241.72000122070312,244.1999969482422,239.8000030517578,242.3300018310547,2107900,242.3300018310547,USD
2022-11-08,242.17999267578125,245.75,237.5599975585937,240.6999969482422,1589700,240.6999969482422,USD
2022-11-09,238.759994506836,241.1300048828125,235.5800018310547,236.1300048828125,1761500,236.1300048828125,USD
2022-11-10,248.6600036621093,258.7300109863281,247.02999877929688,257.8599853515625,3949800,257.8599853515625,USD
2022-11-11,255.7400054931641,267.6700134277344,255.7400054931641,265.0799865722656,3188300,265.0799865722656,USD
2022-11-14,262.19000244140625,263.0899963378906,257.8399963378906,259.44000244140625,2283600,259.44000244140625,USD
2022-11-15,262.9599914550781,266.1400146484375,261.0899963378906,264.17999267578125,2068400,264.17999267578125,USD
2022-11-16,264.8399963378906,265.3800048828125,260.989990234375,263.0400085449219,1619900,263.0400085449219,USD
2022-11-17,258.4599914550781,262.0,255.3999938964844,260.7699890136719,1981400,260.7699890136719,USD
2022-11-18,264.44000244140625,266.6000061035156,260.04998779296875,262.1099853515625,1579000,262.1099853515625,USD
2022-11-21,260.9599914550781,264.8099975585937,259.6400146484375,260.3500061035156,1805100,260.3500061035156,USD
2022-11-22,258.989990234375,263.75,258.4800109863281,262.8999938964844,1369100,262.8999938964844,USD
2022-11-23,264.489990234375,267.1099853515625,262.8299865722656,264.45001220703125,1532200,264.45001220703125,USD
2022-11-25,263.69000244140625,265.3500061035156,261.4100036621094,265.1300048828125,788100,265.1300048828125,USD
2022-11-28,264.5400085449219,266.5,261.82000732421875,262.6400146484375,1406500,262.6400146484375,USD
2022-11-29,262.0400085449219,262.989990234375,257.20001220703125,258.79998779296875,1497600,258.79998779296875,USD
2022-11-30,260.4800109863281,270.4800109863281,260.4800109863281,270.3900146484375,3377200,270.3900146484375,USD
2022-12-01,270.3900146484375,275.8299865722656,269.8999938964844,274.489990234375,1870200,274.489990234375,USD
2022-12-02,268.1499938964844,272.9599914550781,267.42999267578125,272.25,1629100,272.25,USD
2022-12-05,269.1400146484375,271.25,267.2200012207031,269.7200012207031,1504900,269.7200012207031,USD
2022-12-06,269.0,269.4200134277344,264.510009765625,266.3099975585937,1477800,266.3099975585937,USD
2022-12-07,266.19000244140625,268.6000061035156,265.1400146484375,267.9599914550781,1195600,267.9599914550781,USD
2022-12-08,270.7099914550781,274.20001220703125,268.6300048828125,272.0199890136719,1431600,272.0199890136719,USD
2022-12-09,270.489990234375,273.7900085449219,269.94000244140625,270.6000061035156,2102900,270.6000061035156,USD
2022-12-12,272.2200012207031,274.0599975585937,270.0,273.8399963378906,1887600,273.8399963378906,USD
2022-12-13,284.9200134277344,285.0599975585937,276.8800048828125,281.739990234375,2938200,281.739990234375,USD
2022-12-14,280.75,285.0899963378906,277.3900146484375,280.6499938964844,2945100,280.6499938964844,USD
2022-12-15,275.0799865722656,275.2799987792969,266.3399963378906,267.29998779296875,2590300,267.29998779296875,USD
2022-12-16,264.7099914550781,265.7799987792969,261.0599975585937,264.67999267578125,5296800,264.67999267578125,USD
2022-12-19,264.989990234375,264.989990234375,260.3900146484375,261.010009765625,2004200,261.010009765625,USD
2022-12-20,261.1000061035156,262.1099853515625,257.760009765625,261.79998779296875,2056600,261.79998779296875,USD
2022-12-21,263.69000244140625,267.2699890136719,262.5400085449219,266.1600036621094,1626000,266.1600036621094,USD
2022-12-22,263.4800109863281,264.2900085449219,259.0,263.6099853515625,2015500,263.6099853515625,USD
2022-12-23,261.9200134277344,263.989990234375,260.510009765625,262.6600036621094,1042000,262.6600036621094,USD
2022-12-27,262.760009765625,265.5,260.5899963378906,263.9700012207031,957400,263.9700012207031,USD
2022-12-28,262.94000244140625,267.510009765625,261.5400085449219,261.6499938964844,855600,261.6499938964844,USD
2022-12-29,263.239990234375,269.8299865722656,261.8500061035156,267.7900085449219,814800,267.7900085449219,USD
2022-12-30,265.3099975585937,265.4700012207031,261.42999267578125,265.3500061035156,871100,265.3500061035156,USD
2023-01-03,269.5899963378906,270.8900146484375,263.6700134277344,265.6300048828125,1391900,265.6300048828125,USD
2023-01-04,269.3599853515625,271.010009765625,266.8399963378906,270.0,1435400,270.0,USD
2023-01-05,267.69000244140625,271.8699951171875,266.510009765625,268.6199951171875,1803700,268.6199951171875,USD
2023-01-06,271.1700134277344,273.3999938964844,264.67999267578125,270.3900146484375,1659500,270.3900146484375,USD
2023-01-09,272.5899963378906,273.5799865722656,264.2099914550781,264.92999267578125,1509000,264.92999267578125,USD
2023-01-10,263.3299865722656,271.4100036621094,263.3299865722656,271.3599853515625,1316900,271.3599853515625,USD
2023-01-11,261.3900146484375,265.489990234375,254.5599975585937,259.9599914550781,3506800,259.9599914550781,USD
2023-01-12,258.739990234375,260.3500061035156,254.97999572753903,256.94000244140625,1925100,256.94000244140625,USD
2023-01-13,255.3999938964844,259.79998779296875,253.7700042724609,258.8999938964844,1715900,258.8999938964844,USD
2023-01-17,258.4800109863281,261.9700012207031,254.8600006103516,261.7300109863281,1595300,261.7300109863281,USD
2023-01-18,261.57000732421875,264.8900146484375,255.6100006103516,256.3500061035156,1641600,256.3500061035156,USD
2023-01-19,254.83999633789065,255.67999267578125,250.6199951171875,252.5,1758500,252.5,USD
2023-01-20,252.44000244140625,256.8399963378906,248.9600067138672,256.7699890136719,1968300,256.7699890136719,USD
2023-01-23,256.7699890136719,257.8699951171875,254.009994506836,255.97999572753903,2008600,255.97999572753903,USD
2023-01-24,254.6000061035156,259.3999938964844,254.22999572753903,257.9800109863281,3127200,257.9800109863281,USD
2023-01-25,241.08999633789065,247.0,238.83999633789065,243.8000030517578,5863600,243.8000030517578,USD
2023-01-26,246.47999572753903,250.82000732421875,243.5,250.5500030517578,1788300,250.5500030517578,USD
2023-01-27,248.5800018310547,250.2100067138672,246.88999938964844,247.259994506836,1568500,247.259994506836,USD
2023-01-30,245.0,246.8099975585937,241.97999572753903,242.22999572753903,1643000,242.22999572753903,USD
2023-01-31,243.1999969482422,245.72999572753903,241.19000244140625,245.69000244140625,1782600,245.69000244140625,USD
2023-02-01,246.8000030517578,253.5399932861328,244.6600036621093,251.19000244140625,1646600,251.19000244140625,USD
2023-02-02,253.8500061035156,261.95001220703125,252.8800048828125,260.8999938964844,2197300,260.8999938964844,USD
2023-02-03,257.8099975585937,260.5,252.92999267578125,254.67999267578125,1691300,254.67999267578125,USD
2023-02-06,251.759994506836,252.97000122070312,248.2400054931641,248.97999572753903,1329100,248.97999572753903,USD
2023-02-07,247.8099975585937,254.5500030517578,246.8999938964844,253.0599975585937,1359500,253.0599975585937,USD
2023-02-08,249.1499938964844,253.22999572753903,248.1999969482422,248.8500061035156,1318900,248.8500061035156,USD
2023-02-09,250.5200042724609,251.07000732421875,243.6499938964844,244.17999267578125,1425900,244.17999267578125,USD
2023-02-10,242.9100036621093,246.52999877929688,242.6000061035156,245.2700042724609,1199400,245.2700042724609,USD
2023-02-13,246.08999633789065,246.5399932861328,244.7400054931641,245.1300048828125,1276800,245.1300048828125,USD
2023-02-14,243.4199981689453,245.6600036621093,239.6699981689453,241.08999633789065,1799200,241.08999633789065,USD
2023-02-15,239.75,245.5,239.1000061035156,244.7700042724609,1340800,244.7700042724609,USD
2023-02-16,240.7700042724609,244.0599975585937,238.5399932861328,240.1600036621093,1615200,240.1600036621093,USD
2023-02-17,238.9499969482422,240.0200042724609,236.6100006103516,238.9100036621093,1595600,238.9100036621093,USD
2023-02-21,236.5500030517578,236.97999572753903,232.8699951171875,233.5800018310547,1852000,233.5800018310547,USD
2023-02-22,233.8800048828125,236.4900054931641,232.9600067138672,233.5500030517578,1456200,233.5500030517578,USD
2023-02-23,234.8500061035156,235.82000732421875,231.92999267578125,234.8999938964844,1427100,234.8999938964844,USD
2023-02-24,230.6100006103516,232.38999938964844,229.0399932861328,231.0500030517578,1416900,231.0500030517578,USD
2023-02-27,233.9600067138672,233.9600067138672,231.0,231.7400054931641,1421500,231.7400054931641,USD
2023-02-28,230.7400054931641,231.7400054931641,228.7400054931641,229.38999938964844,1366600,229.38999938964844,USD
2023-03-01,228.47000122070312,229.2899932861328,226.27999877929688,227.3300018310547,1290800,227.3300018310547,USD
2023-03-02,226.07000732421875,229.4100036621093,224.47999572753903,228.8999938964844,1153000,228.8999938964844,USD
2023-03-03,230.47999572753903,235.1999969482422,229.2899932861328,234.8699951171875,1458300,234.8699951171875,USD
2023-03-06,233.58999633789065,236.77999877929688,233.0399932861328,234.8500061035156,1204900,234.8500061035156,USD
2023-03-07,235.4199981689453,236.13999938964844,229.4199981689453,230.7100067138672,1680400,230.7100067138672,USD
2023-03-08,230.0,231.7100067138672,227.9600067138672,231.08999633789065,661800,231.08999633789065,USD
2023-03-09,232.72999572753903,235.259994506836,228.17999267578125,228.57000732421875,1181600,228.57000732421875,USD
2023-03-10,228.7700042724609,229.759994506836,223.38999938964844,224.75,1778500,224.75,USD
2023-03-13,224.0,232.4499969482422,222.6499938964844,227.77999877929688,1539200,227.77999877929688,USD
2023-03-14,232.5399932861328,235.6199951171875,231.1699981689453,235.27999877929688,2109500,235.27999877929688,USD
2023-03-15,232.009994506836,235.8099975585937,229.72000122070312,234.17999267578125,1594000,234.17999267578125,USD
2023-03-16,232.58999633789065,242.3699951171875,231.5,240.5,2072100,240.5,USD
2023-03-17,240.38999938964844,242.0,236.259994506836,237.8000030517578,2304600,237.8000030517578,USD
2023-03-20,238.1199951171875,242.02999877929688,237.5800018310547,240.5,995500,240.5,USD
2023-03-21,242.4499969482422,247.3699951171875,242.1199951171875,246.67999267578125,1560300,246.67999267578125,USD
2023-03-22,245.44000244140625,248.27999877929688,240.5399932861328,240.8099975585937,1151800,240.8099975585937,USD
2023-03-23,244.1199951171875,247.3099975585937,242.2899932861328,244.47000122070312,1734900,244.47000122070312,USD
2023-03-24,248.0,257.4599914550781,248.0,256.4200134277344,3269600,256.4200134277344,USD
2023-03-27,257.510009765625,259.0199890136719,251.88999938964844,252.57000732421875,1682700,252.57000732421875,USD
2023-03-28,253.0,253.3699951171875,248.5,249.4900054931641,1179500,249.4900054931641,USD
2023-03-29,250.0,251.5500030517578,246.6300048828125,250.759994506836,1538200,250.759994506836,USD
2023-03-30,254.0500030517578,254.1999969482422,248.2899932861328,251.3000030517578,1908900,251.3000030517578,USD
2023-03-31,253.22000122070312,256.739990234375,252.07000732421875,255.47000122070312,1575200,255.47000122070312,USD
2023-04-03,254.3000030517578,254.44000244140625,250.009994506836,253.52999877929688,1554700,253.52999877929688,USD
2023-04-04,253.5800018310547,256.2300109863281,253.1100006103516,254.7100067138672,1354800,254.7100067138672,USD
2023-04-05,254.22999572753903,258.8900146484375,253.75,257.989990234375,1366300,257.989990234375,USD
2023-04-06,258.3299865722656,259.3299865722656,255.2400054931641,256.8999938964844,1026500,256.8999938964844,USD
2023-04-10,255.6000061035156,259.1099853515625,252.0399932861328,258.94000244140625,1160800,258.94000244140625,USD
2023-04-11,259.6000061035156,263.6199951171875,259.1700134277344,262.7699890136719,1620600,262.7699890136719,USD
2023-04-12,265.0,265.8999938964844,261.4200134277344,261.7699890136719,1154200,261.7699890136719,USD
2023-04-13,264.0,266.70001220703125,262.8699951171875,266.5599975585937,1444500,266.5599975585937,USD
2023-04-14,265.5400085449219,268.3999938964844,264.57000732421875,267.0199890136719,1319600,267.0199890136719,USD
2023-04-17,266.989990234375,268.94000244140625,265.8299865722656,268.8900146484375,1231000,268.8900146484375,USD
2023-04-18,270.0,270.2300109863281,266.45001220703125,269.2799987792969,2632800,269.2799987792969,USD
2023-04-19,292.0,304.8399963378906,292.0,298.57000732421875,6178200,298.57000732421875,USD
2023-04-20,298.9599914550781,302.2300109863281,296.760009765625,297.4100036621094,2809100,297.4100036621094,USD
2023-04-21,297.8699951171875,300.8800048828125,296.5,300.2200012207031,2180200,300.2200012207031,USD
2023-04-24,299.1099853515625,303.1000061035156,297.7300109863281,300.4599914550781,2154600,300.4599914550781,USD
2023-04-25,299.8299865722656,301.57000732421875,292.9100036621094,294.9700012207031,2431200,294.9700012207031,USD
2023-04-26,293.0299987792969,296.95001220703125,291.0199890136719,294.9599914550781,1649600,294.9599914550781,USD
2023-04-27,295.4100036621094,296.3099975585937,290.6700134277344,295.9200134277344,1487100,295.9200134277344,USD
2023-04-28,297.6199951171875,301.57000732421875,296.760009765625,301.2200012207031,1940800,301.2200012207031,USD
2023-05-01,301.0,308.4599914550781,300.260009765625,303.0199890136719,1440300,303.0199890136719,USD
2023-05-02,300.7099914550781,302.8900146484375,297.6300048828125,301.2200012207031,1688400,301.2200012207031,USD
2023-05-03,302.989990234375,307.760009765625,302.239990234375,305.0599975585937,1522400,305.0599975585937,USD
2023-05-04,303.5299987792969,304.989990234375,300.7900085449219,303.2099914550781,1402200,303.2099914550781,USD
2023-05-05,303.3299865722656,305.4800109863281,301.260009765625,304.8800048828125,1225600,304.8800048828125,USD
2023-05-08,304.5400085449219,304.6000061035156,301.010009765625,303.0899963378906,1048900,303.0899963378906,USD
2023-05-09,303.0799865722656,303.0799865722656,300.3299865722656,301.54998779296875,1122200,301.54998779296875,USD
2023-05-10,303.1000061035156,304.04998779296875,300.5299987792969,302.5899963378906,1274000,302.5899963378906,USD
2023-05-11,302.0,304.19000244140625,300.4100036621094,303.4700012207031,1305100,303.4700012207031,USD
2023-05-12,304.2799987792969,305.95001220703125,303.0899963378906,305.2699890136719,950200,305.2699890136719,USD
2023-05-15,305.010009765625,308.2799987792969,304.8500061035156,308.04998779296875,1308500,308.04998779296875,USD
2023-05-16,306.6700134277344,308.3599853515625,306.1000061035156,306.6099853515625,811900,306.6099853515625,USD
2023-05-17,307.510009765625,308.7799987792969,303.9599914550781,308.2200012207031,1261600,308.2200012207031,USD
2023-05-18,307.8699951171875,312.6499938964844,307.0400085449219,312.2300109863281,1391600,312.2300109863281,USD
2023-05-19,313.0,315.20001220703125,311.4200134277344,313.6099853515625,1370800,313.6099853515625,USD
2023-05-22,312.8299865722656,317.8099975585937,312.57000732421875,313.6199951171875,1046200,313.6199951171875,USD
2023-05-23,311.2300109863281,311.9200134277344,297.8299865722656,301.44000244140625,1631200,301.44000244140625,USD
2023-05-24,300.010009765625,303.6499938964844,299.20001220703125,302.4800109863281,1192600,302.4800109863281,USD
2023-05-25,299.95001220703125,305.239990234375,297.3800048828125,303.7699890136719,1672900,303.7699890136719,USD
2023-05-26,302.760009765625,307.8599853515625,302.760009765625,306.8999938964844,1440600,306.8999938964844,USD
2023-05-30,308.8800048828125,313.1300048828125,305.9700012207031,307.07000732421875,1804700,307.07000732421875,USD
2023-05-31,307.0,308.260009765625,300.1400146484375,307.8399963378906,2454700,307.8399963378906,USD
2023-06-01,308.0,311.3299865722656,305.5799865722656,310.5400085449219,1175600,310.5400085449219,USD
2023-06-02,310.5400085449219,313.4700012207031,308.82000732421875,312.17999267578125,1276200,312.17999267578125,USD
2023-06-05,311.8500061035156,318.6199951171875,310.8699951171875,317.489990234375,1514700,317.489990234375,USD
2023-06-06,316.8999938964844,318.9200134277344,313.0,315.7200012207031,1132900,315.7200012207031,USD
2023-06-07,314.6700134277344,314.82000732421875,306.7900085449219,307.239990234375,1368600,307.239990234375,USD
2023-06-08,306.32000732421875,311.2300109863281,304.7900085449219,310.82000732421875,1126600,310.82000732421875,USD
2023-06-09,310.82000732421875,313.5,308.6099853515625,312.760009765625,938500,312.760009765625,USD
2023-06-12,313.8299865722656,316.2799987792969,312.0,313.6400146484375,1470300,313.6400146484375,USD
2023-06-13,313.4700012207031,316.9800109863281,312.69000244140625,315.45001220703125,1052700,315.45001220703125,USD
2023-06-14,323.07000732421875,327.4200134277344,319.25,323.07000732421875,2142400,323.07000732421875,USD
2023-06-15,322.239990234375,330.5299987792969,320.45001220703125,328.2699890136719,1783700,328.2699890136719,USD
2023-06-16,331.69000244140625,333.1400146484375,328.0,329.3599853515625,3113000,329.3599853515625,USD
2023-06-20,328.0,329.67999267578125,324.07000732421875,327.8299865722656,1726100,327.8299865722656,USD
2023-06-21,327.8299865722656,327.8299865722656,322.1499938964844,323.739990234375,1445200,323.739990234375,USD
2023-06-22,323.69000244140625,328.2799987792969,322.2799987792969,327.6199951171875,864400,327.6199951171875,USD
2023-06-23,324.7099914550781,328.67999267578125,323.7200012207031,327.260009765625,1589100,327.260009765625,USD
2023-06-26,326.6000061035156,328.42999267578125,323.2300109863281,325.1600036621094,1309300,325.1600036621094,USD
2023-06-27,329.510009765625,330.989990234375,325.2900085449219,330.0199890136719,1268100,330.0199890136719,USD
2023-06-28,330.0,334.510009765625,329.4800109863281,332.9800109863281,1089000,332.9800109863281,USD
2023-06-29,335.0,340.5899963378906,334.6099853515625,338.489990234375,1679300,338.489990234375,USD
2023-06-30,341.3299865722656,344.0799865722656,340.57000732421875,341.94000244140625,1506100,341.94000244140625,USD
2023-07-03,339.9200134277344,339.9200134277344,334.25,336.0299987792969,826000,336.0299987792969,USD
2023-07-05,334.1600036621094,336.2799987792969,331.44000244140625,333.8900146484375,1048400,333.8900146484375,USD
2023-07-06,328.7799987792969,331.6499938964844,328.0199890136719,330.1400146484375,1166400,330.1400146484375,USD
2023-07-07,329.989990234375,332.9700012207031,327.6199951171875,331.2900085449219,2015400,331.2900085449219,USD
2023-07-10,333.3299865722656,341.1499938964844,333.3299865722656,340.2699890136719,2036700,340.2699890136719,USD
2023-07-11,340.9200134277344,342.760009765625,336.6400146484375,339.1099853515625,1850400,339.1099853515625,USD
2023-07-12,342.8800048828125,348.6300048828125,341.45001220703125,347.5899963378906,1723500,347.5899963378906,USD
2023-07-13,348.32000732421875,349.5799865722656,345.95001220703125,346.9700012207031,2314700,346.9700012207031,USD
2023-07-14,347.5,355.3800048828125,346.3999938964844,354.0,2072600,354.0,USD
2023-07-17,354.0,355.5400085449219,348.6000061035156,353.8399963378906,1812200,353.8399963378906,USD
2023-07-18,351.6099853515625,355.5,346.5400085449219,354.92999267578125,2236300,354.92999267578125,USD
2023-07-19,357.6400146484375,358.07000732421875,348.0,349.70001220703125,2580100,349.70001220703125,USD
2023-07-20,350.04998779296875,353.4599914550781,346.8500061035156,347.6600036621094,3442600,347.6600036621094,USD
2023-07-21,335.9100036621094,345.3999938964844,329.5299987792969,336.6600036621094,9157600,336.6600036621094,USD
2023-07-24,336.760009765625,337.8500061035156,322.6400146484375,323.5599975585937,2998000,323.5599975585937,USD
2023-07-25,322.760009765625,331.5599975585937,322.4599914550781,330.8999938964844,2021400,330.8999938964844,USD
2023-07-26,328.2699890136719,331.0199890136719,326.5599975585937,329.3699951171875,1258800,329.3699951171875,USD
2023-07-27,331.7099914550781,333.67999267578125,322.6600036621094,323.5599975585937,1641400,323.5599975585937,USD
2023-07-28,327.3999938964844,328.70001220703125,324.92999267578125,326.5299987792969,1467700,326.5299987792969,USD
2023-07-31,325.8900146484375,326.2699890136719,321.9100036621094,324.3999938964844,1439000,324.3999938964844,USD
2023-08-01,322.0,324.5199890136719,321.70001220703125,323.95001220703125,1346600,323.95001220703125,USD
2023-08-02,320.5899963378906,322.6199951171875,313.3399963378906,313.8699951171875,1907100,313.8699951171875,USD
2023-08-03,310.3800048828125,313.2900085449219,306.0899963378906,311.2799987792969,1635400,311.2799987792969,USD
2023-08-04,311.8999938964844,313.2699890136719,308.25,309.3099975585937,1656900,309.3099975585937,USD
2023-08-07,310.0,312.8599853515625,307.6600036621094,309.239990234375,1658700,309.239990234375,USD
2023-08-08,306.239990234375,306.2699890136719,297.1700134277344,302.8699951171875,2272400,302.8699951171875,USD
2023-08-09,302.8699951171875,307.3999938964844,302.4700012207031,304.1000061035156,1219000,304.1000061035156,USD
2023-08-10,305.75,308.6000061035156,303.82000732421875,304.6700134277344,1054800,304.6700134277344,USD
2023-08-11,302.92999267578125,306.0899963378906,302.5199890136719,304.489990234375,933700,304.489990234375,USD
2023-08-14,304.8599853515625,305.8900146484375,303.2300109863281,305.0799865722656,950700,305.0799865722656,USD
2023-08-15,306.0899963378906,312.29998779296875,305.92999267578125,306.6199951171875,1342200,306.6199951171875,USD
2023-08-16,305.6000061035156,306.2699890136719,299.1000061035156,299.32000732421875,1441500,299.32000732421875,USD
2023-08-17,298.0599975585937,299.57000732421875,289.1099853515625,290.0799865722656,2061400,290.0799865722656,USD
2023-08-18,287.4599914550781,291.0599975585937,284.8800048828125,285.95001220703125,2983700,285.95001220703125,USD
2023-08-21,286.1199951171875,286.8800048828125,282.5,286.6700134277344,1776700,286.6700134277344,USD
2023-08-22,287.7300109863281,289.0799865722656,285.7300109863281,287.1600036621094,1161000,287.1600036621094,USD
2023-08-23,287.5599975585937,292.70001220703125,287.5599975585937,290.3900146484375,1321800,290.3900146484375,USD
2023-08-24,292.8800048828125,293.489990234375,285.4700012207031,285.6400146484375,1558800,285.6400146484375,USD
2023-08-25,287.2799987792969,298.3599853515625,286.739990234375,297.54998779296875,1920600,297.54998779296875,USD
2023-08-28,301.2200012207031,304.9100036621094,300.0,301.4800109863281,1450300,301.4800109863281,USD
2023-08-29,301.5,311.0799865722656,301.5,310.3900146484375,1804700,310.3900146484375,USD
2023-08-30,312.04998779296875,319.5199890136719,312.04998779296875,318.5799865722656,2092100,318.5799865722656,USD
2023-08-31,319.6000061035156,321.3099975585937,312.4599914550781,312.67999267578125,2076900,312.67999267578125,USD
2023-09-01,317.54998779296875,318.20001220703125,309.20001220703125,310.4100036621094,1335700,310.4100036621094,USD
2023-09-05,310.0,311.3800048828125,306.67999267578125,307.67999267578125,944100,307.67999267578125,USD
2023-09-06,309.4800109863281,309.6499938964844,303.79998779296875,307.8399963378906,1171200,307.8399963378906,USD
2023-09-07,305.5299987792969,305.9700012207031,295.010009765625,297.2200012207031,2117300,297.2200012207031,USD
2023-09-08,297.54998779296875,300.2200012207031,296.5799865722656,298.2200012207031,1507500,298.2200012207031,USD
2023-09-11,300.0,304.19000244140625,298.70001220703125,302.3500061035156,1566500,302.3500061035156,USD
2023-09-12,300.9200134277344,302.8800048828125,300.0,301.54998779296875,1205400,301.54998779296875,USD
2023-09-13,301.04998779296875,304.95001220703125,300.1400146484375,302.70001220703125,1225300,302.70001220703125,USD
2023-09-14,305.2300109863281,305.8699951171875,299.8099975585937,303.739990234375,1348400,303.739990234375,USD
2023-09-15,303.739990234375,304.0400085449219,294.8500061035156,295.5400085449219,2791900,295.5400085449219,USD
2023-09-18,296.1300048828125,303.79998779296875,296.0,298.1700134277344,1007000,298.1700134277344,USD
2023-09-19,298.1700134277344,300.4800109863281,295.25,299.6499938964844,1076500,299.6499938964844,USD
2023-09-20,303.1700134277344,303.3900146484375,291.7900085449219,291.9599914550781,1391200,291.9599914550781,USD
2023-09-21,290.0599975585937,290.6600036621094,283.739990234375,284.3500061035156,2039400,284.3500061035156,USD
2023-09-22,286.489990234375,293.9200134277344,284.4200134277344,288.20001220703125,1962400,288.20001220703125,USD
2023-09-25,286.3999938964844,293.3900146484375,285.739990234375,293.25,1519300,293.25,USD
2023-09-26,291.7300109863281,292.8500061035156,288.95001220703125,290.739990234375,1297500,290.739990234375,USD
2023-09-27,292.0,297.4599914550781,288.54998779296875,291.42999267578125,1749100,291.42999267578125,USD
2023-09-28,292.1300048828125,297.3999938964844,292.1300048828125,296.1499938964844,1206400,296.1499938964844,USD
2023-09-29,297.8699951171875,298.3500061035156,291.70001220703125,292.2900085449219,1294200,292.2900085449219,USD
2023-10-02,291.9599914550781,296.3900146484375,290.010009765625,294.9800109863281,978200,294.9800109863281,USD
2023-10-03,291.5400085449219,292.8299865722656,286.4700012207031,288.0400085449219,1059900,288.0400085449219,USD
2023-10-04,289.6199951171875,290.82000732421875,285.4700012207031,290.2799987792969,1123900,290.2799987792969,USD
2023-10-05,291.8500061035156,292.45001220703125,284.79998779296875,290.0899963378906,963200,290.0899963378906,USD
2023-10-06,286.4700012207031,296.7300109863281,284.989990234375,295.67999267578125,1444000,295.67999267578125,USD
2023-10-09,293.1300048828125,295.1300048828125,289.6000061035156,294.489990234375,920400,294.489990234375,USD
2023-10-10,295.1300048828125,301.07000732421875,292.5199890136719,297.8299865722656,1459800,297.8299865722656,USD
2023-10-11,298.6600036621094,298.7200012207031,278.2099914550781,281.7900085449219,3560400,281.7900085449219,USD
2023-10-12,281.92999267578125,283.2699890136719,265.6000061035156,266.1199951171875,5153300,266.1199951171875,USD
2023-10-13,266.8299865722656,273.7200012207031,265.5,273.1499938964844,2937700,273.1499938964844,USD
2023-10-16,276.0,278.6099853515625,270.6000061035156,274.1600036621094,2283100,274.1600036621094,USD
2023-10-17,272.4100036621094,279.6199951171875,268.42999267578125,275.3699951171875,2518700,275.3699951171875,USD
2023-10-18,275.0,278.70001220703125,273.04998779296875,275.5199890136719,1993100,275.5199890136719,USD
2023-10-19,277.1000061035156,278.1300048828125,271.7099914550781,273.45001220703125,3022800,273.45001220703125,USD
2023-10-20,260.04998779296875,269.489990234375,256.7200012207031,266.9100036621094,7002500,266.9100036621094,USD
2023-10-23,268.5,278.17999267578125,267.04998779296875,272.5899963378906,2556200,272.5899963378906,USD
2023-10-24,271.92999267578125,280.0199890136719,271.7699890136719,277.3900146484375,2529000,277.3900146484375,USD
2023-10-25,280.1300048828125,281.8800048828125,266.1300048828125,266.6099853515625,2618100,266.6099853515625,USD
2023-10-26,264.239990234375,264.239990234375,255.9499969482422,259.510009765625,2924900,259.510009765625,USD
2023-10-27,263.82000732421875,264.7699890136719,257.010009765625,258.9800109863281,1861700,258.9800109863281,USD
2023-10-30,260.0799865722656,261.1499938964844,254.8500061035156,258.489990234375,2277800,258.489990234375,USD
2023-10-31,260.3900146484375,263.95001220703125,260.1700134277344,262.2200012207031,2373300,262.2200012207031,USD
2023-11-01,262.1700134277344,272.17999267578125,262.0,270.4599914550781,2087300,270.4599914550781,USD
2023-11-02,274.57000732421875,278.1499938964844,272.6300048828125,277.8900146484375,1965800,277.8900146484375,USD
2023-11-03,280.2200012207031,281.5799865722656,277.3900146484375,278.5199890136719,1310900,278.5199890136719,USD
2023-11-06,278.1300048828125,279.5199890136719,273.70001220703125,277.260009765625,1156000,277.260009765625,USD
2023-11-07,277.2200012207031,279.6199951171875,275.2699890136719,278.69000244140625,1810200,278.69000244140625,USD
2023-11-08,280.5,282.45001220703125,276.79998779296875,277.92999267578125,1620200,277.92999267578125,USD
2023-11-09,277.9800109863281,278.95001220703125,271.8999938964844,272.3999938964844,1095200,272.3999938964844,USD
2023-11-10,273.4100036621094,278.54998779296875,269.489990234375,277.489990234375,1536400,277.489990234375,USD
2023-11-13,285.3299865722656,289.989990234375,281.1199951171875,282.4800109863281,1772500,282.4800109863281,USD
2023-11-14,288.3699951171875,294.1400146484375,287.9800109863281,291.6199951171875,1847700,291.6199951171875,USD
2023-11-15,291.3900146484375,297.3399963378906,291.3900146484375,293.2200012207031,1889600,293.2200012207031,USD
2023-11-16,296.7900085449219,305.29998779296875,295.0199890136719,303.95001220703125,2296100,303.95001220703125,USD
2023-11-17,306.3399963378906,311.239990234375,304.6199951171875,305.2799987792969,2993400,305.2799987792969,USD
2023-11-20,305.44000244140625,312.20001220703125,305.0,311.3399963378906,1746300,311.3399963378906,USD
2023-11-21,311.0,312.2200012207031,308.8500061035156,311.82000732421875,1461600,311.82000732421875,USD
2023-11-22,315.0,317.3900146484375,313.9200134277344,315.79998779296875,1199700,315.79998779296875,USD
2023-11-24,316.95001220703125,318.260009765625,316.0,318.010009765625,601300,318.010009765625,USD
2023-11-27,314.67999267578125,316.0,312.0199890136719,314.9800109863281,1084300,314.9800109863281,USD
2023-11-28,311.8399963378906,312.760009765625,309.260009765625,310.95001220703125,1559000,310.95001220703125,USD
2023-11-29,312.0,316.3099975585937,309.9599914550781,310.760009765625,1388900,310.760009765625,USD
2023-11-30,310.760009765625,311.989990234375,304.70001220703125,310.8399963378906,2437500,310.8399963378906,USD
2023-12-01,310.5899963378906,315.6400146484375,308.7300109863281,315.20001220703125,1388700,315.20001220703125,USD
2023-12-04,311.9200134277344,315.92999267578125,308.9100036621094,311.8399963378906,1431200,311.8399963378906,USD
2023-12-05,312.0,312.0,304.5,309.5199890136719,1246300,309.5199890136719,USD
2023-12-06,311.3900146484375,313.6000061035156,308.6099853515625,310.260009765625,1182600,310.260009765625,USD
2023-12-07,310.9700012207031,312.75,307.7200012207031,311.5599975585937,1313400,311.5599975585937,USD
2023-12-08,310.5199890136719,312.8800048828125,308.5799865722656,310.4200134277344,1222900,310.4200134277344,USD
2023-12-11,310.0,319.79998779296875,309.79998779296875,315.42999267578125,1730900,315.42999267578125,USD
2023-12-12,316.9599914550781,321.3599853515625,314.3800048828125,320.7099914550781,1371300,320.7099914550781,USD
2023-12-13,320.67999267578125,329.45001220703125,320.2200012207031,328.9599914550781,1447000,328.9599914550781,USD
2023-12-14,330.0,332.6099853515625,324.8299865722656,326.17999267578125,2068800,326.17999267578125,USD
2023-12-15,325.8299865722656,327.0,322.5899963378906,324.3500061035156,3637200,324.3500061035156,USD
2023-12-18,325.7300109863281,331.989990234375,325.010009765625,328.4200134277344,1937800,328.4200134277344,USD
2023-12-19,328.4200134277344,336.5799865722656,328.0,335.7200012207031,2276700,335.7200012207031,USD
2023-12-20,334.04998779296875,334.04998779296875,325.260009765625,325.42999267578125,1845600,325.42999267578125,USD
2023-12-21,328.9700012207031,333.9800109863281,327.5299987792969,333.45001220703125,1969700,333.45001220703125,USD
2023-12-22,334.5199890136719,337.0599975585937,333.4599914550781,336.260009765625,1024900,336.260009765625,USD
2023-12-26,336.9200134277344,338.3500061035156,335.2099914550781,337.3900146484375,736700,337.3900146484375,USD
2023-12-27,337.0,337.6700134277344,335.07000732421875,337.4700012207031,750000,337.4700012207031,USD
2023-12-28,337.010009765625,340.489990234375,336.3399963378906,338.3900146484375,740700,338.3900146484375,USD
2023-12-29,337.8299865722656,339.260009765625,336.6199951171875,337.3599853515625,1303300,337.3599853515625,USD
2024-01-02,333.0,336.20001220703125,328.3800048828125,330.9800109863281,1379200,330.9800109863281,USD
2024-01-03,328.1000061035156,328.1000061035156,320.67999267578125,322.1300048828125,1596500,322.1300048828125,USD
2024-01-04,320.42999267578125,326.4100036621094,320.260009765625,323.2699890136719,1471700,323.2699890136719,USD
2024-01-05,322.54998779296875,327.5199890136719,321.3099975585937,322.5,1042100,322.5,USD
2024-01-08,324.5,329.5299987792969,324.1199951171875,328.8599853515625,1463300,328.8599853515625,USD
2024-01-09,326.0299987792969,332.79998779296875,325.7699890136719,330.5599975585937,1421600,330.5599975585937,USD
2024-01-10,348.0,364.8699951171875,345.5299987792969,364.4500122070313,4868400,364.4500122070313,USD
2024-01-11,364.4500122070313,366.7999877929688,357.6300048828125,362.30999755859375,2230600,362.30999755859375,USD
2024-01-12,365.0,366.8599853515625,360.9599914550781,363.7099914550781,1456300,363.7099914550781,USD
2024-01-16,363.3900146484375,364.4800109863281,359.3999938964844,362.3299865722656,1494800,362.3299865722656,USD
2024-01-17,358.3999938964844,361.2300109863281,355.1700134277344,358.8800048828125,1246100,358.8800048828125,USD
2024-01-18,369.8800048828125,374.1799926757813,366.7900085449219,371.9299926757813,2533100,371.9299926757813,USD
2024-01-19,374.0,376.8999938964844,370.6600036621094,374.8200073242188,2392500,374.8200073242188,USD
2024-01-22,377.9100036621094,379.3900146484375,375.0700073242188,375.80999755859375,1813100,375.80999755859375,USD
2024-01-23,377.25,377.7999877929688,367.5,371.4100036621094,2393800,371.4100036621094,USD
2024-01-24,383.9299926757813,384.0,362.1400146484375,370.0700073242188,4949700,370.0700073242188,USD
2024-01-25,372.6099853515625,377.3299865722656,370.6000061035156,374.9700012207031,1873300,374.9700012207031,USD
2024-01-26,371.6000061035156,375.05999755859375,368.010009765625,374.760009765625,2144700,374.760009765625,USD
2024-01-29,374.4100036621094,379.3399963378906,373.05999755859375,379.1600036621094,1603000,379.1600036621094,USD
2024-01-30,377.3699951171875,381.7900085449219,376.4200134277344,377.2900085449219,1375300,377.2900085449219,USD
2024-01-31,378.5,383.739990234375,375.6000061035156,378.2200012207031,1802100,378.2200012207031,USD
2024-02-01,378.4100036621094,384.2900085449219,375.6700134277344,383.8299865722656,1630100,383.8299865722656,USD
2024-02-02,382.3299865722656,385.4299926757813,377.8999938964844,383.7699890136719,1773500,383.7699890136719,USD
2024-02-05,384.4700012207031,388.6199951171875,380.5700073242188,383.9400024414063,1575100,383.9400024414063,USD
2024-02-06,385.260009765625,389.7900085449219,384.1199951171875,389.6900024414063,1694300,389.6900024414063,USD
2024-02-07,390.3800048828125,392.0,385.7200012207031,391.3800048828125,1458800,391.3800048828125,USD
2024-02-08,389.510009765625,391.6000061035156,385.3599853515625,386.9400024414063,998700,386.9400024414063,USD
2024-02-09,387.4599914550781,389.9200134277344,383.0499877929688,388.2200012207031,1233900,388.2200012207031,USD
2024-02-12,386.0899963378906,387.3599853515625,381.0700073242188,382.1300048828125,1569900,382.1300048828125,USD
2024-02-13,375.0,383.25,371.0,378.8900146484375,1705300,378.8900146484375,USD
2024-02-14,380.0899963378906,381.9100036621094,378.0,381.760009765625,1147600,381.760009765625,USD
2024-02-15,382.0299987792969,383.0,377.5400085449219,380.1700134277344,1053100,380.1700134277344,USD
2024-02-16,378.2900085449219,381.1499938964844,376.0,378.6300048828125,1272000,378.6300048828125,USD
2024-02-20,379.6900024414063,382.8800048828125,374.6099853515625,377.6400146484375,1483400,377.6400146484375,USD
2024-02-21,376.75,380.4700012207031,373.1499938964844,380.2300109863281,1215800,380.2300109863281,USD
2024-02-22,382.4299926757813,389.6799926757813,382.2099914550781,389.0799865722656,1540700,389.0799865722656,USD
2024-02-23,389.0799865722656,391.25,387.2799987792969,389.7699890136719,1000300,389.7699890136719,USD
2024-02-26,389.3999938964844,391.80999755859375,386.1499938964844,388.2699890136719,1024500,388.2699890136719,USD
2024-02-27,386.4599914550781,389.4700012207031,385.2799987792969,386.4599914550781,1042900,386.4599914550781,USD
2024-02-28,384.6000061035156,386.75,383.55999755859375,386.5899963378906,902800,386.5899963378906,USD
2024-02-29,384.4100036621094,389.260009765625,383.9299926757813,385.6000061035156,2134800,385.6000061035156,USD
2024-03-01,383.4800109863281,399.6700134277344,382.3200073242188,397.8999938964844,2193900,397.8999938964844,USD
2024-03-04,398.2999877929688,403.0,396.510009765625,400.5899963378906,1943700,400.5899963378906,USD
2024-03-05,400.0,400.4100036621094,386.2999877929688,387.3200073242188,1610500,387.3200073242188,USD
2024-03-06,386.760009765625,393.1400146484375,386.760009765625,388.1600036621094,1203200,388.1600036621094,USD
2024-03-07,393.2999877929688,396.6099853515625,390.3500061035156,392.6799926757813,1797500,392.6799926757813,USD
2024-03-08,392.0199890136719,395.9299926757813,390.7900085449219,391.8500061035156,1738000,391.8500061035156,USD
2024-03-11,391.0,391.0,377.4400024414063,378.8999938964844,1602300,378.8999938964844,USD
2024-03-12,378.8999938964844,390.260009765625,378.5199890136719,389.3999938964844,1446500,389.3999938964844,USD
2024-03-13,389.6700134277344,390.6900024414063,380.989990234375,382.989990234375,1448000,382.989990234375,USD
2024-03-14,383.2300109863281,384.4299926757813,376.6000061035156,384.30999755859375,1413000,384.30999755859375,USD
2024-03-15,398.1600036621094,398.1600036621094,382.6300048828125,396.2799987792969,3906800,396.2799987792969,USD
2024-03-18,399.6000061035156,401.2699890136719,390.7900085449219,392.6199951171875,1654500,392.6199951171875,USD
2024-03-19,391.989990234375,392.5799865722656,381.7699890136719,390.5299987792969,1610700,390.5299987792969,USD
2024-03-20,390.3900146484375,390.6700134277344,384.3999938964844,390.3699951171875,930000,390.3699951171875,USD
2024-03-21,394.0,397.0,391.9299926757813,391.9599914550781,920800,391.9599914550781,USD
2024-03-22,392.4500122070313,394.510009765625,387.1700134277344,394.0700073242188,1562600,394.0700073242188,USD
2024-03-25,393.5899963378906,396.8999938964844,390.5,391.7099914550781,1117300,391.7099914550781,USD
2024-03-26,394.3699951171875,399.55999755859375,392.2900085449219,397.6300048828125,1543000,397.6300048828125,USD
2024-03-27,403.0199890136719,403.760009765625,397.5,400.1000061035156,1374600,400.1000061035156,USD
2024-03-28,401.4500122070313,402.5,397.05999755859375,399.0899963378906,1124700,399.0899963378906,USD
2024-04-01,399.0,399.6400146484375,392.2200012207031,394.8699951171875,1159800,394.8699951171875,USD
2024-04-02,391.989990234375,391.989990234375,380.510009765625,382.3599853515625,2334100,382.3599853515625,USD
2024-04-03,383.7699890136719,388.2900085449219,382.2200012207031,383.4200134277344,1634200,383.4200134277344,USD
2024-04-04,387.760009765625,389.0299987792969,378.6199951171875,378.9200134277344,1602900,378.9200134277344,USD
2024-04-05,381.1199951171875,393.6600036621094,379.239990234375,388.3900146484375,1404400,388.3900146484375,USD
2024-04-08,388.3900146484375,389.8900146484375,383.0400085449219,386.9299926757813,947200,386.9299926757813,USD
2024-04-09,389.9500122070313,391.1799926757813,383.80999755859375,390.9599914550781,1120400,390.9599914550781,USD
2024-04-10,387.1600036621094,391.4599914550781,385.510009765625,388.4599914550781,1198800,388.4599914550781,USD
2024-04-11,387.5799865722656,392.7999877929688,387.5799865722656,392.260009765625,1186500,392.260009765625,USD
2024-04-12,387.0,388.260009765625,380.7099914550781,384.7999877929688,1475900,384.7999877929688,USD
2024-04-15,392.25,392.2900085449219,376.3299865722656,377.3599853515625,1650700,377.3599853515625,USD
2024-04-16,376.6300048828125,383.8500061035156,371.5400085449219,378.5499877929688,1603000,378.5499877929688,USD
2024-04-17,378.9299926757813,379.7099914550781,371.1400146484375,374.1700134277344,1625500,374.1700134277344,USD
2024-04-18,372.5700073242188,375.3299865722656,369.1499938964844,372.6300048828125,2320500,372.6300048828125,USD
2024-04-19,385.2699890136719,388.6499938964844,364.1700134277344,366.3399963378906,3975900,366.3399963378906,USD
2024-04-22,369.5400085449219,371.8299865722656,364.30999755859375,368.9299926757813,1603100,368.9299926757813,USD
2024-04-23,370.8800048828125,379.7699890136719,368.6799926757813,377.0799865722656,1858800,377.0799865722656,USD
2024-04-24,374.0,383.6199951171875,372.8299865722656,375.010009765625,1325600,375.010009765625,USD
2024-04-25,374.1199951171875,375.4599914550781,367.6600036621094,373.1199951171875,1262500,373.1199951171875,USD
2024-04-26,368.1000061035156,377.8299865722656,368.1000061035156,375.3299865722656,927700,375.3299865722656,USD
2024-04-29,375.3900146484375,377.989990234375,372.05999755859375,374.1400146484375,983200,374.1400146484375,USD
2024-04-30,373.1799926757813,373.6799926757813,368.75,370.6199951171875,1213200,370.6199951171875,USD
2024-05-01,369.5700073242188,379.5,368.6000061035156,371.7000122070313,952200,371.7000122070313,USD
2024-05-02,373.6400146484375,377.8800048828125,367.3900146484375,377.6499938964844,1208600,377.6499938964844,USD
2024-05-03,380.0,384.4700012207031,378.8699951171875,381.3599853515625,1028800,381.3599853515625,USD
2024-05-06,382.6300048828125,384.3500061035156,380.6000061035156,383.0499877929688,878200,383.0499877929688,USD
2024-05-07,385.010009765625,389.7799987792969,383.0499877929688,388.6499938964844,932800,388.6499938964844,USD
2024-05-08,384.9299926757813,386.010009765625,380.1300048828125,380.3699951171875,1108000,380.3699951171875,USD
2024-05-09,381.7900085449219,387.3299865722656,380.6900024414063,385.4500122070313,882200,385.4500122070313,USD
2024-05-10,385.5499877929688,389.760009765625,383.8800048828125,386.7000122070313,853100,386.7000122070313,USD
2024-05-13,389.1600036621094,389.1600036621094,380.6499938964844,380.8800048828125,1070900,380.8800048828125,USD
2024-05-14,382.3999938964844,384.80999755859375,379.6700134277344,384.1900024414063,913300,384.1900024414063,USD
2024-05-15,387.2200012207031,399.6600036621094,386.0,399.3900146484375,1200800,399.3900146484375,USD
2024-05-16,398.2799987792969,401.3599853515625,396.0199890136719,396.4299926757813,1083800,396.4299926757813,USD
2024-05-17,396.1900024414063,398.9599914550781,393.9800109863281,398.8200073242188,720300,398.8200073242188,USD
2024-05-20,398.5799865722656,400.4100036621094,395.6000061035156,400.0299987792969,951200,400.0299987792969,USD
2024-05-21,400.0,403.0,397.1000061035156,402.1099853515625,1283200,402.1099853515625,USD
2024-05-22,402.55999755859375,408.4299926757813,399.1700134277344,400.8999938964844,1355700,400.8999938964844,USD
2024-05-23,402.4700012207031,405.3800048828125,396.3800048828125,398.3900146484375,1189400,398.3900146484375,USD
2024-05-24,397.6099853515625,407.3299865722656,397.010009765625,404.8500061035156,1082000,404.8500061035156,USD
2024-05-28,403.8500061035156,405.989990234375,398.2900085449219,401.0299987792969,964200,401.0299987792969,USD
2024-05-29,396.5899963378906,403.0,396.1499938964844,398.3999938964844,958200,398.3999938964844,USD
2024-05-30,405.0,412.2900085449219,400.489990234375,403.3900146484375,1650900,403.3900146484375,USD
2024-05-31,404.9400024414063,408.8999938964844,396.4800109863281,402.1199951171875,1983000,402.1199951171875,USD
2024-06-03,402.8900146484375,405.3299865722656,398.6000061035156,403.8599853515625,913100,403.8599853515625,USD
2024-06-04,402.5499877929688,408.010009765625,397.4700012207031,406.6099853515625,936200,406.6099853515625,USD
2024-06-05,407.7200012207031,418.1400146484375,407.3299865722656,417.239990234375,2226600,417.239990234375,USD
2024-06-06,413.9200134277344,419.1700134277344,405.0799865722656,418.1499938964844,1733300,418.1499938964844,USD
2024-06-07,418.1300048828125,420.5700073242188,415.7999877929688,417.6099853515625,1199500,417.6099853515625,USD
2024-06-10,416.6000061035156,419.8699951171875,413.5199890136719,418.3800048828125,815800,418.3800048828125,USD
2024-06-11,417.0400085449219,420.2200012207031,415.2000122070313,418.7799987792969,907900,418.7799987792969,USD
2024-06-12,421.05999755859375,428.8599853515625,420.8599853515625,428.1000061035156,1251700,428.1000061035156,USD
2024-06-13,424.739990234375,428.0,422.510009765625,422.8999938964844,1142900,422.8999938964844,USD
2024-06-14,418.7999877929688,426.3200073242188,413.9800109863281,425.7799987792969,941000,425.7799987792969,USD
2024-06-17,425.3599853515625,431.6000061035156,423.5799865722656,430.0,1125200,430.0,USD
2024-06-18,429.0499877929688,436.9400024414063,428.75,435.0,1384400,435.0,USD
2024-06-20,435.989990234375,437.2000122070313,428.6700134277344,432.5499877929688,1291400,432.5499877929688,USD
2024-06-21,436.0799865722656,436.0799865722656,430.0,432.55999755859375,2754800,432.55999755859375,USD
2024-06-24,432.7799987792969,435.7000122070313,426.9700012207031,429.0400085449219,1610400,429.0400085449219,USD
2024-06-25,431.1199951171875,443.80999755859375,430.489990234375,442.30999755859375,2475200,442.30999755859375,USD
2024-06-26,441.25,443.8299865722656,437.7099914550781,442.55999755859375,1360300,442.55999755859375,USD
2024-06-27,442.1000061035156,445.7900085449219,439.6099853515625,445.1099853515625,1225800,445.1099853515625,USD
2024-06-28,444.739990234375,447.1099853515625,441.489990234375,444.8500061035156,3106100,444.8500061035156,USD
2024-07-01,445.8500061035156,448.1000061035156,433.7900085449219,436.239990234375,1658900,436.239990234375,USD
2024-07-02,436.30999755859375,439.6400146484375,432.2000122070313,438.80999755859375,1091400,438.80999755859375,USD
2024-07-03,439.0,439.0,432.8999938964844,434.80999755859375,826400,434.80999755859375,USD
2024-07-05,437.9400024414063,445.0499877929688,433.4400024414063,443.760009765625,1114500,443.760009765625,USD
2024-07-08,442.0400085449219,445.9599914550781,441.55999755859375,444.5299987792969,1280600,444.5299987792969,USD
2024-07-09,447.6199951171875,447.6199951171875,441.2699890136719,442.2999877929688,889100,442.2999877929688,USD
2024-07-10,441.6900024414063,445.4800109863281,438.8500061035156,444.739990234375,1082900,444.739990234375,USD
2024-07-11,444.739990234375,449.0,442.7000122070313,443.5,1818500,443.5,USD
2024-07-12,442.8399963378906,447.1400146484375,439.6099853515625,444.1600036621094,1151600,444.1600036621094,USD
2024-07-15,444.0,444.3999938964844,433.9100036621094,437.25,1573000,437.25,USD
2024-07-16,440.8399963378906,442.0899963378906,433.2200012207031,438.010009765625,1436100,438.010009765625,USD
2024-07-17,430.010009765625,436.3299865722656,426.010009765625,426.2300109863281,2388600,426.2300109863281,USD
2024-07-18,425.0,427.3299865722656,413.8200073242188,416.1400146484375,3856000,416.1400146484375,USD
2024-07-19,449.4299926757813,456.80999755859375,439.0,455.010009765625,4201300,455.010009765625,USD
2024-07-22,462.3299865722656,468.7799987792969,459.1799926757813,461.1199951171875,2574400,461.1199951171875,USD
2024-07-23,459.1000061035156,462.6099853515625,454.3599853515625,455.05999755859375,1753100,455.05999755859375,USD
2024-07-24,455.25,460.5899963378906,452.25,454.0199890136719,2296500,454.0199890136719,USD
2024-07-25,453.2200012207031,457.3699951171875,436.2000122070313,436.739990234375,1819200,436.739990234375,USD
2024-07-26,438.6000061035156,446.1600036621094,432.8699951171875,441.2999877929688,1196500,441.2999877929688,USD
2024-07-29,446.6000061035156,448.2699890136719,439.4100036621094,443.6600036621094,1120400,443.6600036621094,USD
2024-07-30,443.6600036621094,448.5799865722656,431.55999755859375,432.6900024414063,1547700,432.6900024414063,USD
2024-07-31,438.5,447.30999755859375,432.4100036621094,444.6099853515625,1763200,444.6099853515625,USD
2024-08-01,443.2999877929688,452.7200012207031,443.2999877929688,450.9400024414063,2017900,450.9400024414063,USD
2024-08-02,455.7300109863281,455.7300109863281,439.8900146484375,449.7300109863281,2059600,449.7300109863281,USD
2024-08-05,437.5499877929688,444.5799865722656,429.6000061035156,438.0,2465700,438.0,USD
2024-08-06,439.010009765625,456.239990234375,438.6600036621094,447.6600036621094,1686100,447.6600036621094,USD
2024-08-07,452.0,461.7099914550781,448.5899963378906,449.260009765625,1713000,449.260009765625,USD
2024-08-08,453.6000061035156,464.1400146484375,451.05999755859375,463.6099853515625,1289200,463.6099853515625,USD
2024-08-09,462.5899963378906,465.7000122070313,460.1199951171875,463.4299926757813,1022600,463.4299926757813,USD
2024-08-12,464.760009765625,466.8200073242188,458.2699890136719,465.5299987792969,1013800,465.5299987792969,USD
2024-08-13,468.2300109863281,470.489990234375,463.010009765625,469.2300109863281,891600,469.2300109863281,USD
2024-08-14,468.7799987792969,473.75,466.3399963378906,471.2099914550781,1109500,471.2099914550781,USD
2024-08-15,476.8699951171875,480.5400085449219,474.1600036621094,480.1700134277344,1599900,480.1700134277344,USD
2024-08-16,478.010009765625,482.5,477.1000061035156,478.9800109863281,809100,478.9800109863281,USD
2024-08-19,475.4400024414063,482.7799987792969,475.4400024414063,482.1600036621094,977800,482.1600036621094,USD
2024-08-20,483.0,488.4800109863281,482.3299865722656,483.2099914550781,885500,483.2099914550781,USD
2024-08-21,484.2000122070313,488.4700012207031,482.0,487.4200134277344,886300,487.4200134277344,USD
2024-08-22,490.0,491.8299865722656,486.9200134277344,490.4299926757813,1137800,490.4299926757813,USD
2024-08-23,492.6199951171875,493.9700012207031,478.1799926757813,486.5499877929688,1155200,486.5499877929688,USD
2024-08-26,486.8800048828125,487.2799987792969,476.8800048828125,479.1900024414063,1170900,479.1900024414063,USD
2024-08-27,478.4400024414063,483.5700073242188,477.0,482.3500061035156,939900,482.3500061035156,USD
2024-08-28,482.9299926757813,485.3599853515625,479.239990234375,482.2099914550781,960100,482.2099914550781,USD
2024-08-29,482.2099914550781,491.6600036621094,481.25,487.1700134277344,939600,487.1700134277344,USD
2024-08-30,489.1600036621094,493.4400024414063,485.2799987792969,492.6300048828125,1097700,492.6300048828125,USD
2024-09-03,491.6700134277344,493.4200134277344,480.7999877929688,483.4400024414063,1356300,483.4400024414063,USD
2024-09-04,480.9599914550781,484.6499938964844,478.2799987792969,481.7300109863281,1321000,481.7300109863281,USD
2024-09-05,480.3200073242188,480.3200073242188,468.4599914550781,476.6900024414063,1194800,476.6900024414063,USD
2024-09-06,476.9200134277344,478.25,466.0,471.8200073242188,1700000,471.8200073242188,USD
2024-09-09,475.0,479.989990234375,473.9800109863281,479.3900146484375,1121500,479.3900146484375,USD
2024-09-10,477.5,484.7900085449219,477.5,484.239990234375,1006500,484.239990234375,USD
2024-09-11,484.1799926757813,491.8299865722656,477.0799865722656,490.9299926757813,1239200,490.9299926757813,USD
2024-09-12,491.9100036621094,494.1499938964844,486.0499877929688,494.010009765625,1128000,494.010009765625,USD
2024-09-13,490.2799987792969,496.1799926757813,489.1900024414063,489.8599853515625,1238000,489.8599853515625,USD
2024-09-16,493.4700012207031,494.010009765625,488.5700073242188,491.3900146484375,921200,491.3900146484375,USD
2024-09-17,491.2699890136719,491.2699890136719,482.3800048828125,483.3200073242188,1162600,483.3200073242188,USD
2024-09-18,484.2099914550781,488.75,479.5799865722656,482.0899963378906,982300,482.0899963378906,USD
2024-09-19,492.0,492.739990234375,486.9800109863281,490.010009765625,1225000,490.010009765625,USD
2024-09-20,485.1099853515625,486.2999877929688,480.1600036621094,486.2000122070313,2734000,486.2000122070313,USD
2024-09-23,488.5,491.8299865722656,486.2699890136719,489.0700073242188,927200,489.0700073242188,USD
2024-09-24,490.510009765625,490.510009765625,482.3500061035156,484.3999938964844,1120800,484.3999938964844,USD
2024-09-25,486.0,487.1199951171875,482.2900085449219,484.3900146484375,897800,484.3900146484375,USD
2024-09-26,488.25,490.9500122070313,484.760009765625,486.3299865722656,871400,486.3299865722656,USD
2024-09-27,490.0299987792969,490.0299987792969,478.5700073242188,479.1799926757813,1013300,479.1799926757813,USD
2024-09-30,480.0,492.25,478.6900024414063,491.2699890136719,1654100,491.2699890136719,USD
2024-10-01,492.5,496.4800109863281,481.7099914550781,484.760009765625,1181100,484.760009765625,USD
2024-10-02,482.7200012207031,489.7099914550781,478.6199951171875,486.6199951171875,740900,486.6199951171875,USD
2024-10-03,484.4200134277344,486.0,478.55999755859375,479.6300048828125,764500,479.6300048828125,USD
2024-10-04,484.4500122070313,484.4500122070313,476.6000061035156,481.9500122070313,903700,481.9500122070313,USD
2024-10-07,476.8599853515625,479.30999755859375,470.05999755859375,471.2300109863281,1175200,471.2300109863281,USD
2024-10-08,473.7900085449219,482.8800048828125,473.7900085449219,480.7900085449219,1040300,480.7900085449219,USD
2024-10-09,480.6000061035156,490.5799865722656,478.489990234375,490.3800048828125,1061000,490.3800048828125,USD
2024-10-10,486.2300109863281,488.260009765625,483.2000122070313,483.8399963378906,942100,483.8399963378906,USD
2024-10-11,486.0,487.5799865722656,483.1199951171875,484.7799987792969,1170000,484.7799987792969,USD
2024-10-14,487.0400085449219,488.6300048828125,483.9700012207031,487.6099853515625,883500,487.6099853515625,USD
2024-10-15,488.0,489.6300048828125,476.6799926757813,478.4700012207031,1313300,478.4700012207031,USD
2024-10-16,478.1099853515625,479.5199890136719,473.510009765625,476.5899963378906,1037500,476.5899963378906,USD
2024-10-17,481.05999755859375,481.05999755859375,472.1199951171875,473.7300109863281,1959000,473.7300109863281,USD
2024-10-18,496.0,523.3400268554688,495.0,521.1500244140625,4059200,521.1500244140625,USD
2024-10-21,519.0399780273438,522.6699829101562,514.5499877929688,518.8599853515625,1309600,518.8599853515625,USD
2024-10-22,515.0,519.1799926757812,511.80999755859375,517.5,1341500,517.5,USD
2024-10-23,513.8900146484375,516.0,507.2799987792969,512.5800170898438,1120000,512.5800170898438,USD
2024-10-24,510.7900085449219,515.3099975585938,509.7799987792969,511.6300048828125,755400,511.6300048828125,USD
2024-10-25,514.0,516.8900146484375,510.4599914550781,511.2699890136719,982200,511.2699890136719,USD
2024-10-28,513.6599731445312,514.3300170898438,508.2799987792969,510.8800048828125,842800,510.8800048828125,USD
2024-10-29,506.5199890136719,517.5,504.3500061035156,516.3099975585938,1064800,516.3099975585938,USD
2024-10-30,516.5599975585938,516.989990234375,508.010009765625,513.77001953125,1113100,513.77001953125,USD
2024-10-31,510.010009765625,511.05999755859375,500.6700134277344,503.8399963378906,1468700,503.8399963378906,USD
2024-11-01,502.0199890136719,510.80999755859375,502.010009765625,506.3399963378906,1041900,506.3399963378906,USD
2024-11-04,504.3200073242188,511.2099914550781,503.8500061035156,507.4200134277344,849500,507.4200134277344,USD
2024-11-05,506.3299865722656,518.25,506.3299865722656,515.1699829101562,1113400,515.1699829101562,USD
2024-11-06,523.1300048828125,525.0,506.7999877929688,515.5499877929688,1776100,515.5499877929688,USD
2024-11-07,516.0,524.8300170898438,515.5800170898438,524.280029296875,1209000,524.280029296875,USD
2024-11-08,525.5,538.489990234375,524.0,536.4500122070312,1427700,536.4500122070312,USD
2024-11-11,539.8900146484375,542.5900268554688,534.5700073242188,535.75,2097800,535.75,USD
2024-11-12,534.0,538.9099731445312,531.6900024414062,537.0700073242188,1455900,537.0700073242188,USD
2024-11-13,535.4299926757812,540.02001953125,534.0399780273438,536.6900024414062,1405200,536.6900024414062,USD
2024-11-14,537.3599853515625,544.3800048828125,537.1300048828125,537.7999877929688,1908300,537.7999877929688,USD
2024-11-15,533.2100219726562,536.97998046875,526.7100219726562,527.6099853515625,1447800,527.6099853515625,USD
2024-11-18,527.3599853515625,537.530029296875,526.6099853515625,531.6400146484375,1268000,531.6400146484375,USD
2024-11-19,527.5700073242188,540.0800170898438,526.010009765625,538.8200073242188,1143200,538.8200073242188,USD
2024-11-20,538.780029296875,542.3699951171875,533.8300170898438,541.8200073242188,985400,541.8200073242188,USD
2024-11-21,544.8499755859375,551.780029296875,540.3599853515625,550.6199951171875,1396000,550.6199951171875,USD
2024-11-22,549.8400268554688,552.0,541.989990234375,547.8699951171875,1375400,547.8699951171875,USD
2024-11-25,548.8200073242188,549.3099975585938,533.5599975585938,536.5499877929688,2076800,536.5499877929688,USD
2024-11-26,542.0599975585938,545.0,537.280029296875,542.0999755859375,1152600,542.0999755859375,USD
2024-11-27,543.0800170898438,543.969970703125,538.22998046875,538.5499877929688,938400,538.5499877929688,USD
2024-11-29,539.0,543.1699829101562,536.030029296875,542.0,718600,542.0,USD
2024-12-02,546.2999877929688,546.4500122070312,540.2000122070312,542.8499755859375,1005300,542.8499755859375,USD
2024-12-03,537.02001953125,541.989990234375,533.010009765625,541.7100219726562,1379300,541.7100219726562,USD
2024-12-04,542.010009765625,552.0800170898438,539.2000122070312,549.9500122070312,1350400,549.9500122070312,USD
2024-12-05,548.0,551.8099975585938,544.4299926757812,547.6500244140625,945200,547.6500244140625,USD
2024-12-06,548.2100219726562,556.22998046875,548.2100219726562,550.4099731445312,1026200,550.4099731445312,USD
2024-12-09,552.3099975585938,553.5599975585938,532.1400146484375,538.8599853515625,1429200,538.8599853515625,USD
2024-12-10,540.1599731445312,543.3300170898438,536.6799926757812,538.0900268554688,1048000,538.0900268554688,USD
2024-12-11,538.219970703125,548.530029296875,538.219970703125,543.5999755859375,999400,543.5999755859375,USD
2024-12-12,543.0999755859375,550.469970703125,541.3699951171875,544.719970703125,1213300,544.719970703125,USD
2024-12-13,542.5900268554688,547.0999755859375,539.030029296875,539.5800170898438,1071400,539.5800170898438,USD
2024-12-16,539.97998046875,547.9000244140625,539.1099853515625,541.989990234375,1534700,541.989990234375,USD
2024-12-17,539.5,546.010009765625,531.4199829101562,545.1599731445312,1475800,545.1599731445312,USD
2024-12-18,543.1199951171875,547.1900024414062,526.22998046875,526.469970703125,1488100,526.469970703125,USD
2024-12-19,532.739990234375,536.5,523.4099731445312,523.9099731445312,2064500,523.9099731445312,USD
2024-12-20,521.4500122070312,530.969970703125,516.1799926757812,524.4299926757812,3933900,524.4299926757812,USD
2024-12-23,524.8800048828125,527.9400024414062,520.030029296875,527.219970703125,1069800,527.219970703125,USD
2024-12-24,528.010009765625,537.3599853515625,527.260009765625,537.02001953125,629200,537.02001953125,USD
2024-12-26,534.8599853515625,540.1300048828125,533.989990234375,538.8300170898438,765700,538.8300170898438,USD
2024-12-27,536.010009765625,537.3400268554688,529.3099975585938,534.8800048828125,1013200,534.8800048828125,USD
2024-12-30,528.4299926757812,529.02001953125,520.5599975585938,526.9600219726562,899600,526.9600219726562,USD
