Date,Open,High,Low,Close,Volume,Adj Close
2020-01-02,76.32735638044642,76.86814732351509,75.42604731058861,75.49815368652344,1561200,75.49815368652344
2020-01-03,75.56123781332698,77.0303689810447,75.31788741339457,76.7013931274414,1469800,76.7013931274414
2020-01-06,76.72841762847499,77.38637609491605,76.43999908016508,77.16104888916016,1326600,77.16104888916016
2020-01-07,76.94022249159725,77.12499244283305,75.78204427883985,75.83612060546875,1432000,75.83612060546875
2020-01-08,76.28229403557637,76.40396580734605,75.39450406348993,75.43055725097656,1014400,75.43055725097656
2020-01-09,74.22732181317839,74.68248048133806,72.6049625108728,73.11420440673828,2770800,73.11420440673828
2020-01-10,72.87983098736322,74.34445780483203,72.87983098736322,74.01097106933594,1100000,74.01097106933594
2020-01-13,74.04254763697305,74.81767405178782,74.04254763697305,74.49320220947266,1232200,74.49320220947266
2020-01-14,74.58781148922198,75.26830407265125,74.58781148922198,75.209716796875,1898600,75.209716796875
2020-01-15,75.33590588200295,76.26876392268318,75.33590588200295,75.53419494628906,1453000,75.53419494628906
2020-01-16,75.67839896116931,75.78205443635531,74.86271550179787,75.32688903808594,1698200,75.32688903808594
2020-01-17,75.40801613724366,76.05244875298179,75.25028431621202,76.01639556884766,1084200,76.01639556884766
2020-01-21,76.0930016764431,77.21963772805499,76.03891846998603,77.12950134277344,1982600,77.12950134277344
2020-01-22,77.34133700702922,78.19758483697528,77.24219244907292,77.75143432617188,1690400,77.75143432617188
2020-01-23,76.94474535605355,78.0308173839237,76.93122627230206,77.85957336425781,1590600,77.85957336425781
2020-01-24,78.53555643353323,78.67525821904036,77.52158387575913,77.81450653076172,1396200,77.81450653076172
2020-01-27,77.6612762822187,78.31021974105273,77.49002540379286,77.83252716064453,1698000,77.83252716064453
2020-01-28,74.0425287310281,76.58872366493077,73.7270719861154,74.83567810058594,4551400,74.83567810058594
2020-01-29,74.35800498970868,75.96684512563326,73.54232130793126,75.44408416748047,1872800,75.44408416748047
2020-01-30,75.59276322487042,75.96680716094077,74.1326406538001,74.58779907226562,1848200,74.58779907226562
2020-01-31,74.70949192818038,75.52067128911783,73.56483268517604,73.6234130859375,2006400,73.6234130859375
2020-02-03,73.97493691006,74.26335552859236,73.22685563090693,73.52879333496094,1793800,73.52879333496094
2020-02-04,73.63693936714769,74.00647934186989,72.30751002488837,72.42017364501953,1756600,72.42017364501953
2020-02-05,72.84830029184737,73.25839755474287,72.4382099053941,73.01053619384766,1354000,73.01053619384766
2020-02-06,73.01053210071727,73.85326068051579,72.91589850778045,73.06010437011719,1164800,73.06010437011719
2020-02-07,73.22683731192045,73.77663624039997,73.05558643623127,73.50624084472656,1080400,73.50624084472656
2020-02-10,73.97042897526023,74.17322212393093,73.43865996868189,73.73158264160156,891600,73.73158264160156
2020-02-11,73.7316023927627,74.24534838268987,73.46571781824858,73.56936645507812,879200,73.56936645507812
2020-02-12,73.55132303621868,74.52022744833268,73.19530213493417,74.37601470947266,1113600,74.37601470947266
2020-02-13,74.29491823897565,75.51168429364314,74.0290336731465,75.29537200927734,916000,75.29537200927734
2020-02-14,75.53871244773839,76.10203062761103,75.08355383392066,75.18720245361328,924800,75.18720245361328
2020-02-18,74.91229659029943,75.0970665880644,74.06507079518863,74.31743621826172,1286600,74.31743621826172
2020-02-19,74.31744613851221,74.63740702960337,73.76764701780941,73.92086791992188,962400,73.92086791992188
2020-02-20,73.9749324859559,74.06506888596597,73.08263851267955,73.83072662353516,1135400,73.83072662353516
2020-02-21,73.5828839499743,73.89834080073936,73.02858070674114,73.09617614746094,936800,73.09617614746094
2020-02-24,72.51031629544099,73.15025182492919,71.84334946889904,72.5508804321289,1442400,72.5508804321289
2020-02-25,72.42018120893789,72.79872936177,71.23045353114955,71.37015533447266,2959600,71.37015533447266
2020-02-26,71.20339454488577,71.78473568990329,68.92308440209646,68.99969482421875,2354600,68.99969482421875
2020-02-27,68.89154036608846,69.54949885811325,67.6071793692038,67.71533203125,2253000,67.71533203125
2020-02-28,66.8545796565834,67.09342592655706,64.16867654089378,65.88116455078125,3578800,65.88116455078125
2020-03-02,66.16057512345989,68.76085308462855,65.71443164302889,68.7112808227539,2245400,68.7112808227539
2020-03-03,68.72481269046766,69.64414486410234,67.04387329563903,67.55310821533203,1972800,67.55310821533203
2020-03-04,68.54004241500849,69.36924505870047,67.81448838266748,69.34671783447266,2873400,69.34671783447266
2020-03-05,68.5265072267616,69.98211901894464,68.28766094396018,69.19347381591797,2189600,69.19347381591797
2020-03-06,67.41791142737196,68.18402265068362,66.22367295663068,67.88658905029297,2346200,67.88658905029297
2020-03-09,65.34490367247051,66.62025675552695,64.38951831578964,64.90776824951172,2872600,64.90776824951172
2020-03-10,66.07496614809895,68.40034521406767,65.16013798625434,68.28768157958984,2818000,68.28768157958984
2020-03-11,66.85007239032336,67.2060932189656,65.55669645611584,66.07044219970703,3015000,66.07044219970703
2020-03-12,62.559870770343736,63.63242397202974,59.07630598973839,59.11686325073242,4330000,59.11686325073242
2020-03-13,61.12227437911141,61.97401114171241,57.751373638820624,60.83835983276367,3300400,60.83835983276367
2020-03-16,55.6603399316796,57.913609061225415,53.71801664027421,54.24528503417969,4148400,54.24528503417969
2020-03-17,55.20519104400373,62.88885370337628,54.28134769614185,62.50579452514648,4872600,62.50579452514648
2020-03-18,59.23403009138923,67.28722401137816,58.75182646339528,63.55580520629883,4908200,63.55580520629883
2020-03-19,61.05467283361556,62.559864166112106,55.881160836421664,56.61572647094727,3857800,56.61572647094727
2020-03-20,56.34532380114881,61.74867298523076,55.48457561293041,56.12450408935547,3332000,56.12450408935547
2020-03-23,56.20112820393607,56.764446388289,50.576961376760416,51.29800796508789,3428600,51.29800796508789
2020-03-24,52.80318641774407,56.57065827555149,52.68151121676435,56.30026626586914,2856000,56.30026626586914
2020-03-25,55.660344016371525,56.95372036472399,53.71351651247983,55.96678924560547,2830000,55.96678924560547
2020-03-26,55.89919141393475,59.83791126187274,55.85863071611024,59.32416534423828,2022800,59.32416534423828
2020-03-27,58.17497649869579,60.67610986505356,57.68376483908372,59.617069244384766,1992200,59.617069244384766
2020-03-30,60.83836070393173,65.07451047644338,60.3877061801989,64.51119232177734,3329600,64.51119232177734
2020-03-31,63.028534642017846,64.44358940708786,62.79870333713389,63.63692092895508,2925400,63.63692092895508
2020-04-01,61.81628266694542,64.6779417576475,61.53687905152083,62.46973037719727,2426400,62.46973037719727
2020-04-02,62.34806172099723,65.90372595823885,62.34806172099723,65.4395523071289,2932400,65.4395523071289
2020-04-03,64.73650468538209,66.58419055804282,64.56526068175395,66.19212341308594,1489000,66.19212341308594
2020-04-06,67.1024693068456,69.03578145265975,64.2633507384118,68.5040054321289,1944800,68.5040054321289
2020-04-07,68.76085955691079,68.95013360830964,66.21916863228958,67.73336791992188,1759600,67.73336791992188
2020-04-08,67.45397002436634,67.97673095489077,66.0479300229695,67.19259643554688,1623600,67.19259643554688
2020-04-09,67.2152185021854,70.12050082397747,67.2152185021854,69.82635498046875,1558600,69.82635498046875
2020-04-13,69.21995239251251,69.21995239251251,65.87570956118824,67.2876205444336,1777200,67.2876205444336
2020-04-14,69.0841995652924,69.67702106795818,68.50042381774578,69.32404327392578,1725000,69.32404327392578
2020-04-15,68.7855135918846,69.3014046676175,68.12933737615101,69.03893280029297,1061400,69.03893280029297
2020-04-16,69.57744103074879,71.00292730443893,68.46419893598885,70.33317565917969,1449200,70.33317565917969
2020-04-17,71.35591369070629,71.38759454317146,69.71321177326918,70.9984130859375,1627400,70.9984130859375
2020-04-20,70.69068162533448,72.05281307806845,70.1114289465478,70.64994812011719,1114000,70.64994812011719
2020-04-21,70.41464506365044,70.62280787708947,67.63154291185049,68.4144287109375,1328400,68.4144287109375
2020-04-22,68.74023550766336,69.93493061679015,67.8939951527016,69.40546417236328,1005400,69.40546417236328
2020-04-23,68.72667470636411,69.43715989848472,68.00262088497672,68.61354064941406,1109400,68.61354064941406
2020-04-24,68.78099794976411,70.00284463605671,68.31940896866469,69.8082504272461,775800,69.8082504272461
2020-04-27,70.14763178215448,71.16131532575041,69.74035197637403,70.98934936523438,986000,70.98934936523438
2020-04-28,70.93506563519068,71.72248128982025,70.35129684143766,70.91243743896484,1292600,70.91243743896484
2020-04-29,70.83096881652803,71.72698856995231,69.93947193930302,70.80381774902344,1613800,70.80381774902344
2020-04-30,70.55945936203248,71.27899042479977,69.84898095874667,70.97579193115234,2047600,70.97579193115234
2020-05-01,70.3195911050384,71.10700648106271,69.44619966202576,69.88063049316406,1038600,69.88063049316406
2020-05-04,69.80371453208916,71.50072542022748,69.16563678091197,71.22467803955078,1351800,71.22467803955078
2020-05-05,71.26991752056678,73.10268332091285,71.26991752056678,72.50081634521484,1463400,72.50081634521484
2020-05-06,72.69541257489026,73.5507056894247,72.37410884486272,72.5053482055664,1718800,72.5053482055664
2020-05-07,72.97599465172199,73.36517611072814,72.20216151559981,72.79498291015625,1235800,72.79498291015625
2020-05-08,73.53714277474984,74.48294190766163,72.9171703037755,74.22952270507812,1067400,74.22952270507812
2020-05-11,74.51461820670538,75.42421355435154,73.9082213082746,74.60060119628906,1346800,74.60060119628906
2020-05-12,75.17986013875479,76.5329392998318,75.01241700688088,76.30667114257812,2098800,76.30667114257812
2020-05-13,76.30666305778153,77.22078824967727,75.60070758677203,76.26141357421875,1904000,76.26141357421875
2020-05-14,78.41548496212701,79.91337892339818,77.57376721675502,79.42916870117188,2356600,79.42916870117188
2020-05-15,79.06713840629003,81.5379825973366,78.80466653855021,80.54240417480469,3712200,80.54240417480469
2020-05-18,81.30718470321463,81.62848846908119,79.73236053518988,79.79571533203125,1825200,79.79571533203125
2020-05-19,79.4789363436358,80.13058958734875,78.02629207909612,78.07154846191406,1411400,78.07154846191406
2020-05-20,78.7729932592674,78.83181827992648,77.69595470752185,78.55577087402344,1764800,78.55577087402344
2020-05-21,78.75487920544738,78.75487920544738,76.58270393004345,77.18457794189453,1498400,77.18457794189453
2020-05-22,77.09860039525569,77.87244043801067,76.99904186565784,77.77740478515625,737200,77.77740478515625
2020-05-26,78.38379503963962,79.1893088903359,77.15741894944803,77.39726257324219,1217400,77.39726257324219
2020-05-27,77.28864799384745,77.94483095222643,76.87231555383458,77.83621978759766,1141600,77.83621978759766
2020-05-28,78.60102826610715,78.79561555373589,77.56019343196445,78.06703186035156,1233400,78.06703186035156
2020-05-29,78.01723864127986,79.75045312752484,77.56470243824423,79.26624298095703,2862600,79.26624298095703
2020-06-01,79.64638602548357,80.51525486259743,79.21194815434878,79.90433502197266,1088000,79.90433502197266
2020-06-02,79.80022833104188,80.23013632104919,78.97208629294992,79.38389587402344,1408400,79.38389587402344
2020-06-03,79.33414202707858,79.64187031874496,78.52862792103015,78.87708282470703,1108600,78.87708282470703
2020-06-04,78.66890777228656,78.86350196958688,76.82255886225703,77.27962493896484,1148800,77.27962493896484
2020-06-05,77.27962688057654,77.55114452098283,75.96726745056668,77.30677795410156,1798800,77.30677795410156
2020-06-08,76.61437603962457,78.55575319796262,76.4876664626547,78.18467712402344,1371200,78.18467712402344
2020-06-09,78.25708262746397,78.25708262746397,77.08501551358198,77.42894744873047,954200,77.42894744873047
2020-06-10,77.98557056440728,78.91327123144981,77.45157421397371,78.02177429199219,1348000,78.02177429199219
2020-06-11,77.83622656974887,78.29781542819876,75.65952854782654,75.95367431640625,1152600,75.95367431640625
2020-06-12,76.86780290421066,76.86780290421066,74.97619790657706,75.3653793334961,1045200,75.3653793334961
2020-06-15,74.79519157491178,77.152908498607,74.69111016984313,77.11217498779297,1071800,77.11217498779297
2020-06-16,77.66881051031827,78.62818529535112,76.74110967688144,78.27520751953125,1353400,78.27520751953125
2020-06-17,78.37475654272907,79.36128228221044,78.23899428271322,78.8046646118164,1023200,78.8046646118164
2020-06-18,78.80014579039295,79.08976873759265,78.23447543217823,78.68701171875,793000,78.68701171875
2020-06-19,79.438196449402,79.68709272457782,77.87694803988671,77.92672729492188,1746000,77.92672729492188
2020-06-22,78.55124927766921,79.09881431632039,77.86339219016088,78.15301513671875,1262000,78.15301513671875
2020-06-23,79.19384148878908,79.35675481034365,77.91316310923749,78.02177429199219,1268400,78.02177429199219
2020-06-24,77.8362330818723,78.54671829133821,76.54650203909323,77.95841979980469,2024200,77.95841979980469
2020-06-25,78.89516375158072,81.87737581491321,78.54218604875118,80.79581451416016,2907800,80.79581451416016
2020-06-26,81.6828007258422,82.77793772412953,79.3205607286159,79.759521484375,2895800,79.759521484375
2020-06-29,80.24374067480822,82.49736953346053,79.92243686095964,81.17596435546875,1720000,81.17596435546875
2020-06-30,81.37958616608007,81.89547716098943,80.29349513642839,81.18952178955078,1619800,81.18952178955078
2020-07-01,81.14427975779736,81.80950864587462,80.75509827841309,81.23026275634766,1292200,81.23026275634766
2020-07-02,82.28833155983095,83.77324922543714,82.02494995169218,82.469970703125,1325600,82.469970703125
2020-07-06,82.83779000570647,83.38725981754143,81.9931548696613,82.4518051147461,1003600,82.4518051147461
2020-07-07,82.11121459337062,83.55526420309236,82.11121459337062,83.16473388671875,927400,83.16473388671875
2020-07-08,82.90591900952042,83.44175936273035,82.53354973701356,83.39180755615234,920200,83.39180755615234
2020-07-09,82.86503151963551,83.83681539198935,82.80145713281193,83.4871597290039,737000,83.4871597290039
2020-07-10,83.49624503416429,84.50890369891631,82.88774628208628,84.42262268066406,816800,84.42262268066406
2020-07-13,84.6859908165889,85.50337376052855,82.91043971750139,83.06029510498047,969200,83.06029510498047
2020-07-14,82.86503703533961,86.20270988846254,82.86503703533961,86.01652526855469,1264000,86.01652526855469
2020-07-15,86.3707154329087,86.9156397052534,85.65322915150442,85.91661071777344,912000,85.91661071777344
2020-07-16,85.84395329491485,86.66588865926617,85.72588856208355,86.15274810791016,659000,86.15274810791016
2020-07-17,86.62047712872258,87.33796343262934,86.20724016200803,86.68405151367188,870400,86.68405151367188
2020-07-20,86.4660864513002,87.05642400761742,86.1663756556038,86.9883041381836,771200,86.9883041381836
2020-07-21,88.09630937994598,89.24065513265477,87.66491131261428,87.90558624267578,1111800,87.90558624267578
2020-07-22,88.50955225261184,88.50955225261184,86.99738271010865,88.01457977294922,1314600,88.01457977294922
2020-07-23,88.18713648862501,89.35418896153544,88.18713648862501,88.95457458496094,736800,88.95457458496094
2020-07-24,88.78656647259177,89.2361257597789,87.4696584835913,87.87835693359375,1058200,87.87835693359375
2020-07-27,88.01002879746652,89.04084838317576,87.7284861071754,89.01360321044922,780800,89.01360321044922
2020-07-28,86.9610690378946,88.66396203472021,86.49334164909365,87.63768768310547,1164800,87.63768768310547
2020-07-29,88.06000160878494,88.80473320044383,87.80570403052425,88.25072479248047,747000,88.25072479248047
2020-07-30,87.80568281279267,88.13717729512956,86.96104781533401,88.02365112304688,799000,88.02365112304688
2020-07-31,87.73303582730883,88.50501251220703,86.70221611038454,88.50501251220703,1286400,88.50501251220703
2020-08-03,88.8637641330211,89.5403758101437,88.30975575565895,89.13622283935547,881600,89.13622283935547
2020-08-04,89.00907178203046,90.28965053506175,88.97274256963006,90.03080749511719,736400,90.03080749511719
2020-08-05,90.23061697767264,90.2624076377342,88.84105748143367,89.5721664428711,987400,89.5721664428711
2020-08-06,89.24974193126657,90.53032061513976,89.1271386412613,90.3895492553711,694200,90.3895492553711
2020-08-07,89.97177342768718,91.65649811546164,89.97177342768718,91.52481079101562,1243400,91.52481079101562
2020-08-10,91.49756739346688,91.97891731361284,90.83003286523775,91.64742279052734,878000,91.64742279052734
2020-08-11,91.72916510268648,91.72916510268648,89.5176770524203,89.80830383300781,785600,89.80830383300781
2020-08-12,90.14431888667356,92.24682580397004,90.1352417818802,91.5747528076172,860200,91.5747528076172
2020-08-13,91.48848597407935,92.17418166287952,90.25332048034826,91.74732208251952,999600,91.74732208251952
2020-08-14,91.7291565360952,92.41485219196746,91.20239338013442,91.52481079101562,837400,91.52481079101562
2020-08-17,91.0434660830268,92.36945115446689,90.85274291478086,91.86539459228516,916000,91.86539459228516
2020-08-18,91.87900936703797,92.63736342238752,91.23872004510795,91.95166778564452,603600,91.95166778564452
2020-08-19,92.36489368114854,92.36489368114854,91.3840327902346,91.9652862548828,611800,91.9652862548828
2020-08-20,91.17968570582178,92.7009393232561,91.03437579531914,92.13330841064452,734600,92.13330841064452
2020-08-21,92.24684236719855,92.62828870963844,91.95621559261262,92.25138092041016,714200,92.25138092041016
2020-08-24,92.45118954340032,92.71003259129256,91.63379956201553,92.11061096191406,660800,92.11061096191406
2020-08-25,92.75542415566052,92.75542415566052,91.56113349835262,92.0833511352539,583800,92.0833511352539
2020-08-26,91.9198837437522,93.80896118893388,91.21601998716268,93.31852722167967,828400,93.31852722167967
2020-08-27,93.52287452498416,94.10867354936194,93.25041582472208,93.29582214355467,525400,93.29582214355467
2020-08-28,93.145956009155,93.3730083644262,92.0697300624776,92.90528106689452,573600,92.90528106689452
2020-08-31,92.84171500079738,93.94064766725543,92.7917632009998,93.63639831542967,759200,93.63639831542967
2020-09-01,93.25948116007338,93.6318503445809,92.36035578324272,93.51377868652344,650400,93.51377868652344
2020-09-02,93.99968948531372,95.55726555517042,93.69544011412248,95.26210021972656,847800,95.26210021972656
2020-09-03,94.86247085682209,95.8478841721014,91.9153357325648,92.64189910888672,891200,92.64189910888672
2020-09-04,92.81900276204738,93.25948489840806,90.27602046652268,91.66104125976562,1151000,91.66104125976562
2020-09-08,91.62472376505652,91.66105297909164,89.53130044376924,89.69477844238281,1175600,89.69477844238281
2020-09-09,90.37593207508228,93.47292296256144,90.37593207508228,92.04249572753906,1246800,92.04249572753906
2020-09-10,91.66105629134304,92.05158669497156,89.40415488988711,89.99903106689453,792800,89.99903106689453
2020-09-11,90.2351674318327,90.53487133231332,89.3859867480512,90.20337677001952,746400,90.20337677001952
2020-09-14,90.82093502745283,92.10151353730193,90.36229180003568,90.86634826660156,1044600,90.86634826660156
2020-09-15,91.15245165211736,92.25592988399475,90.65747909891,90.97989654541016,1067200,90.97989654541016
2020-09-16,91.43854687975583,92.00163935131997,90.13980681671912,90.22154235839844,1057800,90.22154235839844
2020-09-17,88.99090168785408,89.33601877730584,86.78395249244316,87.51959991455078,1771200,87.51959991455078
2020-09-18,87.3788431747076,88.3642497410625,85.55333997219427,86.26174926757812,1790600,86.26174926757812
2020-09-21,85.61235901632398,86.70220753079481,85.11284107189024,86.46153259277344,1185600,86.46153259277344
2020-09-22,86.30260051143718,87.61496283081688,86.14820657482495,87.36520385742188,1355400,87.36520385742188
2020-09-23,87.81022038011143,87.91466944619884,84.05023415724118,84.23188018798828,1410600,84.23188018798828
2020-09-24,84.49072669718134,87.36521052883823,84.37720051234065,85.75768280029297,1240200,85.75768280029297
2020-09-25,85.82580623783925,87.2653176062107,85.51247282069761,86.99285888671875,1080600,86.99285888671875
2020-09-28,88.43235611469346,89.25882310614912,87.99641253248903,88.63215637207031,2829800,88.63215637207031
2020-09-29,87.55136543992217,87.71484336780904,83.20104268084715,86.22991943359375,4796800,86.22991943359375
2020-09-30,86.90657335918941,89.08173216517976,86.73401132876613,88.14173889160156,1861400,88.14173889160156
2020-10-01,88.43235738926946,88.75931334836315,86.79303904098433,87.7330322265625,1524400,87.7330322265625
2020-10-02,86.9084666933178,88.33894594194511,86.62601059485742,87.85148620605469,1006000,87.85148620605469
2020-10-05,88.07470655690948,88.99039307578344,87.83780993832175,88.8719482421875,816400,88.8719482421875
2020-10-06,89.18627125127868,89.18627125127868,87.12255520141821,87.30477905273438,1087000,87.30477905273438
2020-10-07,87.76946544422906,88.85370925764506,87.52345558010472,88.46192169189453,977000,88.46192169189453
2020-10-08,88.79907141450579,88.9494092784398,88.22961296842102,88.53028869628906,695200,88.53028869628906
2020-10-09,89.19538660772126,89.76029172622151,88.95849696730716,89.34117126464844,732400,89.34117126464844
2020-10-12,89.34119199141665,91.6645851025966,89.28652620808427,91.52335357666016,1039600,91.52335357666016
2020-10-13,91.35479579891,92.63038403302346,90.48010851159133,91.21812438964844,1297600,91.21812438964844
2020-10-14,90.99489196008228,91.81490643012424,90.08375859212812,90.20675659179688,635000,90.20675659179688
2020-10-15,89.6190810016147,91.16345182314332,89.41407737867476,90.72610473632812,699200,90.72610473632812
2020-10-16,91.17257109849152,92.01536537075047,90.8308960539928,90.83544921875,809000,90.83544921875
2020-10-19,91.09056110501828,91.76024471623418,89.8058666140342,89.98809051513672,681000,89.98809051513672
2020-10-20,90.11108717996544,90.53932095468777,89.15439440871792,89.26373291015625,533000,89.26373291015625
2020-10-21,89.24097296110217,89.90610349395843,88.87651816027945,88.99040985107422,398800,88.99040985107422
2020-10-22,88.8355115045763,89.12252076619184,88.25693981659136,88.66695404052734,554400,88.66695404052734
2020-10-23,89.07694501826107,89.71018237304102,88.66693782072409,89.50062561035156,553800,89.50062561035156
2020-10-26,88.75806830253272,89.26374765922066,87.80137537321065,88.40727996826172,535600,88.40727996826172
2020-10-27,88.60773610893351,88.96307763079072,87.48703880441654,87.56449127197266,1094800,87.56449127197266
2020-10-28,86.43012205690205,87.04057981725678,84.46207041281323,84.58507537841797,907800,84.58507537841797
2020-10-29,84.54861821065674,85.18641573151628,83.75593663880842,83.7787094116211,863000,83.7787094116211
2020-10-30,83.41425980785597,83.96549158412424,81.32320351575484,82.23433685302734,1375600,82.23433685302734
2020-11-02,83.54183077159219,84.99508978034416,83.43249225179568,84.35729217529297,1005000,84.35729217529297
2020-11-03,85.27297195901765,86.29344387418372,84.74451986766378,85.5007553100586,698600,85.5007553100586
2020-11-04,86.02467008751319,87.71937895068656,85.81055315927269,86.09300231933594,787000,86.09300231933594
2020-11-05,87.37314723034643,87.43692629970415,85.4871010920287,85.8925552368164,826400,85.8925552368164
2020-11-06,85.99276471677288,87.41413749693328,85.19096985592553,85.94721221923828,718600,85.94721221923828
2020-11-09,87.35491355107399,88.3799386122991,81.0179791708983,81.23665618896484,2137200,81.23665618896484
2020-11-10,81.54643606555727,83.76049041779528,81.16376172107068,82.88580322265625,1152800,82.88580322265625
2020-11-11,83.66483037659648,85.22742793485156,83.55549880611824,85.140869140625,1027000,85.140869140625
2020-11-12,85.71941931347749,85.979088679501,83.31402804791418,84.27071380615234,623000,84.27071380615234
2020-11-13,84.22517939897733,84.71719230231677,83.04981639956586,84.10672760009766,596200,84.10672760009766
2020-11-16,84.36639971185788,84.65796212673236,82.6990238933275,83.9062728881836,1145400,83.9062728881836
2020-11-17,83.47349848833302,84.1568486528917,82.82659450005183,83.21382904052734,1334200,83.21382904052734
2020-11-18,83.3504984386833,84.20695923050525,82.79925959405038,82.99971008300781,1096800,82.99971008300781
2020-11-19,82.8311387382671,83.65115321742569,82.08856281068208,83.47804260253906,864400,83.47804260253906
2020-11-20,83.84705250693233,84.42106404630411,83.30948018632395,83.67393493652344,957600,83.67393493652344
2020-11-23,83.92903548041727,84.2889369988141,82.83567838568706,83.36869049072266,1054200,83.36869049072266
2020-11-24,84.27984508901166,85.68299145222873,83.88350425817512,84.98141479492188,1804400,84.98141479492188
2020-11-25,85.04518049149638,86.0428725860621,84.38005706271628,84.54861450195312,731000,84.54861450195312
2020-11-27,85.19097531141293,85.73765397660796,83.93816685095098,84.9540786743164,575200,84.9540786743164
2020-11-30,84.64884965848091,85.29120039084216,83.03614655634888,85.1818618774414,1792400,85.1818618774414
2020-12-01,86.57590423886371,86.57590423886371,84.13406612080317,85.31854248046875,1425100,85.31854248046875
2020-12-02,85.18186039118815,86.01099512936864,83.05892483301965,83.29581451416016,980900,83.29581451416016
2020-12-03,83.27760230353394,84.65341581862324,83.1500441711571,84.41651916503906,837600,84.41651916503906
2020-12-04,84.28894023347904,85.60096740722656,83.83337360129285,85.60096740722656,838700,85.60096740722656
2020-12-07,85.5463111158573,85.92898546096596,83.97916061524556,84.40739440917969,816200,84.40739440917969
2020-12-08,83.97917098247433,85.50987550327035,83.86983941402967,85.13631439208984,710800,85.13631439208984
2020-12-09,85.03608664120584,85.10897898561335,83.60560740134243,84.8447494506836,827000,84.8447494506836
2020-12-10,84.93586636916724,85.31854077257533,84.23428967818877,84.78097534179688,655700,84.78097534179688
2020-12-11,84.64430141904272,85.39143059226333,84.55318946160543,85.11808776855469,828800,85.11808776855469
2020-12-14,85.50073375707439,86.53943197127106,84.95405524266182,84.9905014038086,759200,84.9905014038086
2020-12-15,85.00874786940052,85.47342089221216,83.44159733003022,83.61470794677734,1312800,83.61470794677734
2020-12-16,83.80605266243468,84.89029667465194,83.65115470234981,84.47117614746094,982900,84.47117614746094
2020-12-17,84.86296805747807,86.86745884520268,84.67163086921862,86.19322204589844,1182800,86.19322204589844
2020-12-18,86.09299766801283,86.6032371265115,84.0793935794602,85.0725326538086,2191300,85.0725326538086
2020-12-21,84.0611839593592,85.75589293238103,83.72406204058909,85.36410522460938,1221200,85.36410522460938
2020-12-22,85.29120512885703,85.48254232439005,84.15228828540086,84.69896697998047,808700,84.69896697998047
2020-12-23,85.00875603759535,85.2729786282391,84.35273882306677,84.71719360351562,650500,84.71719360351562
2020-12-24,84.71719703802913,85.27298208528464,84.24340371881857,85.16365051269531,217600,85.16365051269531
2020-12-28,85.35498441900906,85.67387974573796,84.64430141904272,85.11808776855469,460000,85.11808776855469
2020-12-29,85.11808848870783,87.1863653921568,84.99053035693704,86.3936767578125,1205600,86.3936767578125
2020-12-30,87.2532225517648,87.31723113558638,86.17421572704907,86.46682739257812,1157800,86.46682739257812
2020-12-31,86.46682651469212,87.56412548159464,85.95475784931834,87.41781616210938,1190900,87.41781616210938
2021-01-04,87.58239334969917,87.74698781338566,85.20492318921393,85.94559478759766,987600,85.94559478759766
2021-01-05,85.7718796272204,86.40281939303917,84.42769238146474,86.16507720947266,825200,86.16507720947266
2021-01-06,85.73529865464276,87.09777101955856,85.35124018901871,85.8907470703125,1199500,85.8907470703125
2021-01-07,85.91816030410892,86.76856383839512,84.7202826824195,86.6771240234375,1090400,86.6771240234375
2021-01-08,86.88745480183279,87.23493594523752,86.00048071953006,87.06119537353516,842400,87.06119537353516
2021-01-11,87.36295547205329,87.6555671406958,85.1135019612867,85.61642456054688,765000,85.61642456054688
2021-01-12,85.66214475214795,85.90903300412921,84.089354476083,84.53741455078125,1118600,84.53741455078125
2021-01-13,84.89403296988992,85.72615149575316,84.44597290480083,85.27809143066406,953700,85.27809143066406
2021-01-14,85.07692143642583,85.07692143642583,83.13836484419491,83.77845764160156,2018700,83.77845764160156
2021-01-15,83.99792833355949,85.9181930859846,83.6504541135783,85.43355560302734,1893300,85.43355560302734
2021-01-19,85.78100985785383,86.11934489759372,84.05277128526986,85.04948425292969,1442300,85.04948425292969
2021-01-20,84.85747469111018,85.08607779429053,83.41270140467125,83.8973388671875,1143000,83.8973388671875
2021-01-21,83.897329148817,83.97962290775102,82.80917627127414,83.63214874267578,878400,83.63214874267578
2021-01-22,83.67787581634629,84.41854758486673,82.74517131573808,84.00706481933594,1051900,84.00706481933594
2021-01-25,84.22651165910352,86.74114530938823,84.06191717748297,86.45767974853516,1513100,86.45767974853516
2021-01-26,86.45767141614907,88.15847857017509,85.75357015513677,87.86585998535156,1613800,87.86585998535156
2021-01-27,87.66469775786888,90.34392571056505,85.91816715436151,86.01875305175781,2608500,86.01875305175781
2021-01-28,83.21152744390211,86.86003092458529,81.9862181906591,83.22981262207031,1862700,83.22981262207031
2021-01-29,82.89147833749547,83.39440092846236,80.81575846094367,81.87648010253906,2733500,81.87648010253906
2021-02-01,81.62043400742614,82.3245283238863,79.91048070114954,81.54727935791016,1402800,81.54727935791016
2021-02-02,81.60214553862042,83.36696142345446,80.99863709391242,81.82160949707031,1132800,81.82160949707031
2021-02-03,81.72102493377562,82.2148083837684,80.1573808303377,81.12665557861328,1315900,81.12665557861328
2021-02-04,81.16323946405991,81.95877371743315,80.92549030750118,81.27296447753906,835200,81.27296447753906
2021-02-05,81.61128921809987,83.20236449988106,81.01691989013673,82.5622787475586,1610200,82.5622787475586
2021-02-08,83.12920780435098,83.39438117552804,82.03190909263492,83.0560531616211,858900,83.0560531616211
2021-02-09,83.20237727636089,83.53156627850854,82.5257140947963,83.00120544433594,792600,83.00120544433594
2021-02-10,83.65958049859441,83.65958049859441,82.40684009565233,83.02864074707031,710500,83.02864074707031
2021-02-11,82.85489431064197,83.29380828268607,81.79417275478039,82.18737030029297,611400,82.18737030029297
2021-02-12,82.18736931828268,82.4159723774443,81.05350009823624,81.97705841064453,1062000,81.97705841064453
2021-02-16,82.0227716322085,82.39768398326433,79.43499040566974,79.48985290527344,2056800,79.48985290527344
2021-02-17,78.84061466336794,79.38011446932786,78.27367663342778,78.59371948242188,3036000,78.59371948242188
2021-02-18,78.52060078078563,80.09338435838983,77.78906801915444,79.08753204345703,1917000,79.08753204345703
2021-02-19,79.38926689912064,79.38926689912064,76.78319352525061,76.92035675048828,1446300,76.92035675048828
2021-02-22,76.9203647968919,76.9203647968919,75.67676351709417,76.77405548095703,1404400,76.77405548095703
2021-02-23,77.04838564220809,78.3102721585961,76.72834271882118,77.14897155761719,1376700,77.14897155761719
2021-02-24,76.49056952064453,78.04506721798376,76.38998363684384,77.54214477539062,2024800,77.54214477539062
2021-02-25,77.62445320672784,78.49314202974074,76.73747223242805,77.18553924560547,767800,77.18553924560547
2021-02-26,77.2769835429093,77.53301786444298,76.59117433462467,77.06666564941406,1377700,77.06666564941406
2021-03-01,77.53300982695093,78.090801816645,76.98436391248123,77.31355285644531,1287700,77.31355285644531
2021-03-02,77.44157259995575,78.19139033602922,76.9112118417446,77.63359832763672,866400,77.63359832763672
2021-03-03,77.40501043334976,77.63361353151299,76.02424576704828,76.0699691772461,1440400,76.0699691772461
2021-03-04,76.4357033932319,77.38669280572819,75.51215220367034,75.80476379394531,1665000,75.80476379394531
2021-03-05,76.02423425916156,77.63360178001422,75.0092360988454,77.20382690429688,1162400,77.20382690429688
2021-03-08,77.29526619590355,77.49643800666001,76.49973200516352,76.94779205322266,1401800,76.94779205322266
2021-03-09,77.2678254097973,78.93205521649034,77.10323094643597,77.74331665039062,1351600,77.74331665039062
2021-03-10,77.92621875469304,78.90463965462223,76.85635801836541,78.54801940917969,1034400,78.54801940917969
2021-03-11,78.32854357844262,79.37097281091968,78.0816484054603,78.47484588623047,851700,78.47484588623047
2021-03-12,78.83148098622164,79.45328160908865,78.14567178348943,79.380126953125,1097100,79.380126953125
2021-03-15,79.70932056128511,80.51400787082996,79.48986355705124,79.8647689819336,1530700,79.8647689819336
2021-03-16,79.8373307218171,80.37683757304244,79.35269334914408,79.7641830444336,966500,79.7641830444336
2021-03-17,79.24297175981525,79.9379200715835,78.8223359705712,79.23382568359375,1410600,79.23382568359375
2021-03-18,78.8406356587695,79.49901368140509,78.16397245835525,78.93207550048828,1093600,78.93207550048828
2021-03-19,79.09666241763291,80.38598708433223,78.95949918000778,79.13323974609375,2363000,79.13323974609375
2021-03-22,79.22467019985464,80.39511666638737,78.99606715634712,80.33110809326172,976100,80.33110809326172
2021-03-23,80.63287132590423,80.7791736560687,79.57214978246199,80.06593322753906,1043500,80.06593322753906
2021-03-24,79.21552555800491,80.50485009539312,78.63944838945075,80.03849792480469,1238400,80.03849792480469
2021-03-25,80.55972193723032,81.6204435499912,79.91963612015888,81.10836791992188,974000,81.10836791992188
2021-03-26,80.9254615504645,82.76343161364947,80.9254615504645,82.48910522460938,1411100,82.48910522460938
2021-03-29,82.29712162819563,83.21153409073113,81.74847554595702,82.4159927368164,1647900,82.4159927368164
2021-03-30,87.64642401279035,87.68300134465287,81.90391546221724,82.20567321777344,4028600,82.20567321777344
2021-03-31,82.04106027740316,82.17822349696289,81.21808793645597,81.52899169921875,1795500,81.52899169921875
2021-04-01,81.46499434258362,82.43427619455568,80.08423669286752,81.60215759277344,1808800,81.60215759277344
2021-04-05,81.53814245149847,82.53485547810195,81.00778164748607,81.45584869384766,1226300,81.45584869384766
2021-04-06,81.20895962916435,82.24225006303172,81.11751978825545,82.05022430419922,1231400,82.05022430419922
2021-04-07,82.34281796515232,82.34281796515232,81.10835596552597,81.52899169921875,1211600,81.52899169921875
2021-04-08,81.39182600426994,82.23308349324786,81.39182600426994,81.96790313720703,2671700,81.96790313720703
2021-04-09,81.85777172455359,82.43604231415786,80.5176475782669,80.87562561035156,959500,80.87562561035156
2021-04-12,80.83890481317403,81.23359941814952,80.41667451531224,80.98577117919922,1277400,80.98577117919922
2021-04-13,80.80219542580575,81.47226102533311,80.64615515022211,80.79301452636719,1496000,80.79301452636719
2021-04-14,80.85726892489102,80.99495440816214,79.83841315582364,80.69205474853516,877300,80.69205474853516
2021-04-15,80.97659375436815,81.29785519011274,80.72875850181227,81.21524810791016,769400,81.21524810791016
2021-04-16,81.45389651365782,81.59158198875315,80.80219273471239,81.49979400634766,935000,81.49979400634766
2021-04-19,81.3253819174527,81.76597398287679,80.65532342577492,81.55485534667969,1315500,81.55485534667969
2021-04-20,81.47224448834923,83.23459866221923,81.3070233468631,83.17952728271484,1822000,83.17952728271484
2021-04-21,83.68436719852735,84.55637041791881,83.52832694977431,84.37278747558594,1770000,84.37278747558594
2021-04-22,84.37278810234022,84.54719014810867,83.71190351097896,83.9138412475586,1042900,83.9138412475586
2021-04-23,83.89550265189234,84.28101640362422,83.31722502131991,83.95975494384766,1369000,83.95975494384766
2021-04-26,83.98728090823151,83.98728090823151,82.70222821505179,82.93170166015625,1651600,82.93170166015625
2021-04-27,82.88580633804649,83.06938228223224,82.06888148136517,82.4911117553711,956900,82.4911117553711
2021-04-28,82.68389136335877,83.15201225081411,81.80271398329685,81.98628997802734,712200,81.98628997802734
2021-04-29,82.08723697063574,83.3631087015733,82.08723697063574,83.16117095947266,669400,83.16117095947266
2021-04-30,83.17953415764315,83.35392920814539,82.41768066432348,82.94087982177734,1719400,82.94087982177734
2021-05-03,82.84909486444673,84.02399778692046,82.84909486444673,83.4365463256836,725600,83.4365463256836
2021-05-04,83.67521025461132,83.94139331971441,82.47276449840176,82.9500732421875,1104200,82.9500732421875
2021-05-05,82.74812424143853,83.179535431079,82.36261054119653,83.03266906738281,918100,83.03266906738281
2021-05-06,83.5099764033722,84.29018468978293,82.34424741994596,82.8215560913086,1206300,82.8215560913086
2021-05-07,82.72977139929688,83.06939464987545,81.51815177955028,81.9954605102539,843200,81.9954605102539
2021-05-10,82.19739402026809,84.0974339391831,82.06888944627184,83.23461151123047,1765000,83.23461151123047
2021-05-11,83.62929575793714,83.8220525950199,81.92201291180618,82.35342407226562,1029600,82.35342407226562
2021-05-12,82.42686326167755,82.67469149801202,81.46307200298794,81.6374740600586,951300,81.6374740600586
2021-05-13,81.31620271471843,83.22542336640376,81.23359563990172,82.84909057617188,1384900,82.84909057617188
2021-05-14,82.79398658853488,83.1336096869238,82.20653533935547,82.20653533935547,876700,82.20653533935547
2021-05-17,82.45440920096551,83.0510416255854,81.79352448464653,81.82106018066406,948800,81.82106018066406
2021-05-18,81.55484065152534,82.77564075575376,81.2886506812293,81.86692810058594,1048400,81.86692810058594
2021-05-19,81.79351990463158,82.47275937927016,81.39882527687386,82.43604278564453,1174600,82.43604278564453
2021-05-20,82.25246369595675,83.86795873924525,81.98627365451341,83.40901184082031,1123400,83.40901184082031
2021-05-21,83.64765351836596,84.1433169754384,82.82155475955199,83.16117095947266,1354500,83.16117095947266
2021-05-24,83.34475390818844,83.84959126046658,83.02348549867918,83.16117095947266,959400,83.16117095947266
2021-05-25,83.17952892409734,83.17952892409734,82.08723318921965,82.88580322265625,1089100,82.88580322265625
2021-05-26,83.02349268244046,83.21625654601463,80.87562451891837,82.2983627319336,1418600,82.2983627319336
2021-05-27,82.43603022173639,82.65632974991473,81.29784400470746,81.41716766357422,3122700,81.41716766357422
2021-05-28,81.68333684940049,82.51862325743097,81.58236800880404,81.74758911132812,1794500,81.74758911132812
2021-06-01,82.07805422808644,82.40849652537607,81.1968771029719,81.62828826904297,1274700,81.62828826904297
2021-06-02,81.88530783407238,82.39932613854918,81.59158208823219,82.31671905517578,882800,82.31671905517578
2021-06-03,82.16068913301876,82.36262692177631,81.58241146467212,82.30754852294922,927800,82.30754852294922
2021-06-04,82.45440458394444,82.6104448546227,81.92202448083417,82.43604278564453,698200,82.43604278564453
2021-06-07,82.42686292545764,82.47275341193861,81.34374800228038,82.1423110961914,1064500,82.1423110961914
2021-06-08,82.36260919454823,82.58290173351702,80.77464992717161,81.23359680175781,1177600,81.23359680175781
2021-06-09,80.83891054391712,81.60994501426119,80.54518479401803,80.89398193359375,1620900,80.89398193359375
2021-06-10,81.14179983136717,81.55484917151118,80.81135755806285,81.4538803100586,1190900,81.4538803100586
2021-06-11,81.49978396461667,81.69254080481055,80.8664350589987,81.55485534667969,1565200,81.55485534667969
2021-06-14,81.41717463578205,81.885302419533,81.123448909364,81.8761215209961,861500,81.8761215209961
2021-06-15,82.06887316331616,82.18819681464556,81.37127204076324,81.48141479492188,1005800,81.48141479492188
2021-06-16,81.55486204003826,81.69254750946922,80.25145453576945,80.37995910644531,952300,80.37995910644531
2021-06-17,80.29735323417098,80.60943376679894,79.56303538814497,80.35242462158203,1111400,80.35242462158203
2021-06-18,80.11376864825334,80.52682505439063,78.98476321135388,79.05818939208984,2690400,79.05818939208984
2021-06-21,79.09491585145477,80.10459774301934,79.09491585145477,80.01280975341797,1301100,80.01280975341797
2021-06-22,80.01280674778216,80.67369145284586,79.85676647102392,80.09542083740234,1081600,80.09542083740234
2021-06-23,80.05869571344924,80.05869571344924,79.01229737623254,79.03983306884766,1621600,79.03983306884766
2021-06-24,79.13162478839614,79.30602685383991,78.55335420720354,79.19587707519531,910900,79.19587707519531
2021-06-25,79.23259987141996,80.27899834006006,78.96640980441859,80.11377716064453,4280900,80.11377716064453
2021-06-28,80.4350523218545,81.42637956721961,80.36162612080862,80.91236114501953,1252600,80.91236114501953
2021-06-29,80.91234013908375,81.41717752897458,80.15966750070514,80.42585754394531,1280500,80.42585754394531
2021-06-30,80.75630172442183,81.21524863646498,80.26981211515782,81.0683822631836,1817500,81.0683822631836
2021-07-01,80.30653158560666,81.65583667583071,79.57222070181406,80.74712371826172,2431600,80.74712371826172
2021-07-02,81.34376584603007,81.90368172592758,80.94907116024945,81.31622314453125,1127800,81.31622314453125
2021-07-06,81.23360607370836,81.34375585725195,80.22392423496899,80.820556640625,1045200,80.820556640625
2021-07-07,80.68287881747479,81.49062296451362,80.49012193021467,80.93988800048828,989400,80.93988800048828
2021-07-08,80.65532025888652,81.37127620948739,79.75578137032836,79.93018341064453,1285100,79.93018341064453
2021-07-09,80.31721902570649,80.41857664355452,79.58923974740247,80.26192474365234,1060500,80.26192474365234
2021-07-12,80.12370755704754,80.12370755704754,79.11006800388986,79.88412475585938,1208300,79.88412475585938
2021-07-13,79.75512121913091,80.06842506877157,78.80597872248029,78.97184753417969,867900,78.97184753417969
2021-07-14,78.9073383922323,79.65375151284587,78.594034562423,79.4141616821289,953000,79.4141616821289
2021-07-15,79.38651275567446,80.25271018820288,79.10084554296799,80.23428344726562,611200,80.23428344726562
2021-07-16,80.43701211475744,81.06362675803594,80.16977867552151,80.9991226196289,790200,80.9991226196289
2021-07-19,80.8240449507971,81.6810326061885,80.47388059767867,81.65338897705078,1234900,81.65338897705078
2021-07-20,81.69024066982118,82.50115083545168,80.74110534300654,80.8148193359375,1004700,80.8148193359375
2021-07-21,80.71345385138581,80.76874813354164,78.82440010282555,78.84282684326172,1354700,78.84282684326172
2021-07-22,78.65854022992634,78.70461763187325,77.7462653208583,78.0780029296875,1130900,78.0780029296875
2021-07-23,78.16091345714007,79.21141326798765,77.87525332466723,78.9902572631836,986500,78.9902572631836
2021-07-26,78.48345138052716,79.01791828773433,78.31758258278784,78.67696380615234,817400,78.67696380615234
2021-07-27,78.64009125124251,79.78274591867853,78.39129160794039,79.01790618896484,1168400,79.01790618896484
2021-07-28,78.71382154205264,78.98105498622462,77.65410465114277,78.05034637451172,972800,78.05034637451172
2021-07-29,78.33601686182136,78.39130411795078,77.47902923969426,77.63568115234375,870500,77.63568115234375
2021-07-30,77.83841630461694,78.40973674194449,77.48824490839708,77.56196594238281,1402400,77.56196594238281
2021-08-02,77.59880937086506,78.10563257987536,77.26707182140797,77.48822784423828,826500,77.48822784423828
2021-08-03,77.39609517145524,78.27151660941442,77.15651236270499,77.21179962158203,848500,77.21179962158203
2021-08-04,77.15649666659816,77.24864442278894,76.17971076579093,76.64967346191406,1048300,76.64967346191406
2021-08-05,76.81555991573259,77.07357650462332,76.4008914022189,76.71419525146484,908800,76.71419525146484
2021-08-06,76.64968534716418,77.35923091332043,76.55753757668502,76.88005828857422,809400,76.88005828857422
2021-08-09,77.11041847596539,77.40529551098076,76.70495991641057,77.12884521484375,655700,77.12884521484375
2021-08-10,77.23022310088446,77.70018587275388,77.0735711870694,77.62646484375,1520800,77.62646484375
2021-08-11,77.62646441078117,79.17457085910668,77.62646441078117,78.76911926269531,1218300,78.76911926269531
2021-08-12,78.88891077448712,79.1008499439648,78.40973111837154,78.95341491699219,908400,78.95341491699219
2021-08-13,79.28516183857404,80.12371578974255,79.15615353839428,79.87491607666016,876500,79.87491607666016
2021-08-16,79.98546823013419,80.57522225142732,79.63529694657592,80.51992797851562,825000,80.51992797851562
2021-08-17,80.56603962123963,81.1189333724691,80.24351885222454,80.94384765625,654800,80.94384765625
2021-08-18,80.8332629324036,81.07285277221705,79.5339561019331,79.56159973144531,700600,79.56159973144531
2021-08-19,79.44179275472231,80.71344867598843,79.44179275472231,80.61209106445312,830600,80.61209106445312
2021-08-20,80.35407631744508,81.01755149017211,79.99469510395525,80.6858139038086,1002000,80.6858139038086
2021-08-23,80.53838014441543,80.63052791308841,79.64453202439675,79.92098236083984,979100,79.92098236083984
2021-08-24,79.93017864327767,79.93017864327767,78.81517466170045,79.1376953125,1036300,79.1376953125
2021-08-25,78.93498163671356,79.14692078863597,78.25307272337305,78.84282684326172,766300,78.84282684326172
2021-08-26,78.61243994522715,78.78752558515156,77.69094841791545,78.26227569580078,659400,78.26227569580078
2021-08-27,78.26229991695413,78.94420188968623,77.9950664476778,78.52953338623047,532100,78.52953338623047
2021-08-30,78.43737579058893,79.10084390696602,78.21621272137284,78.74146270751953,397500,78.74146270751953
2021-08-31,78.86125993704307,79.5984490653628,78.33600995882612,79.51551818847656,1019200,79.51551818847656
2021-09-01,79.71824125356214,80.74109750442967,79.59844284463519,80.53836822509766,964800,80.53836822509766
2021-09-02,80.49228897556627,81.15576404519396,80.47386223715344,81.12812042236328,822100,81.12812042236328
2021-09-03,81.09127988287736,81.45987801570264,80.66739449077691,81.16500091552734,517600,81.16500091552734
2021-09-07,81.08206179539292,81.08206179539292,79.74590149291706,80.14214324951172,778000,80.14214324951172
2021-09-08,80.26193077287114,81.56123752718001,80.26193077287114,81.4137954711914,946300,81.4137954711914
2021-09-09,81.3585126289811,81.40458300115866,79.93019751341042,79.9486312866211,980000,79.9486312866211
2021-09-10,79.84725763333815,80.08684744512381,78.75989714037094,78.8336181640625,1938500,78.8336181640625
2021-09-13,79.08243235320168,79.81962866464384,78.43739085350859,78.46503448486328,850800,78.46503448486328
2021-09-14,78.39130343862392,78.75990154728237,78.12406998560716,78.40052032470703,1143000,78.40052032470703
2021-09-15,78.14249108538289,79.10083616988588,77.97662231490679,78.64930725097656,1021700,78.64930725097656
2021-09-16,78.69541955201213,79.7274861101909,78.22545665545508,79.34967803955078,1180400,79.34967803955078
2021-09-17,79.4141470717639,79.9854743997705,79.02712228364155,79.49707794189453,2386700,79.49707794189453
2021-09-20,79.07320100828748,79.82882392566718,78.42815962653302,78.92576599121094,1596900,78.92576599121094
2021-09-21,78.99946982576266,79.79194605216173,78.65851543792299,78.75988006591797,1039400,78.75988006591797
2021-09-22,79.35886919260035,79.49708732580012,78.36365645101878,78.63088989257812,972600,78.63088989257812
2021-09-23,78.80596344238619,79.39572457107373,77.98583642978687,78.12406158447266,806500,78.12406158447266
2021-09-24,77.9858386253298,78.50187874865661,77.7278220788782,77.91212463378906,850100,77.91212463378906
2021-09-27,77.9581866167517,78.65852218925775,77.62644908400793,77.72781372070312,1255700,77.72781372070312
2021-09-28,77.62645417597997,77.90290448154138,76.22578996951297,76.72339630126953,1559900,76.72339630126953
2021-09-29,76.66809299165502,77.66330553794836,76.66809299165502,77.11962890625,1680800,77.11962890625
2021-09-30,74.64082866355,76.6404639910619,74.01421401824399,74.66847229003906,2376900,74.66847229003906
2021-10-01,74.45652646447421,75.09235090804498,74.0326341281961,74.37358856201172,1432300,74.37358856201172
2021-10-04,74.35515594482422,75.59916814003316,74.1708534152679,74.35515594482422,1451700,74.35515594482422
2021-10-05,74.26302605627274,74.63162420850925,73.69170559920988,73.76542663574219,1602500,73.76542663574219
2021-10-06,73.59032352303433,74.03263557674468,72.8992047874915,73.97734832763672,1245400,73.97734832763672
2021-10-07,74.04186429627235,74.97257297741572,73.96814326539625,74.11558532714844,1679900,74.11558532714844
2021-10-08,74.40244658930659,74.61528545136167,73.22718013089053,73.39375305175781,1084100,73.39375305175781
2021-10-11,73.18093746570229,73.94902434845926,72.55166257119684,72.5701675415039,1008200,72.5701675415039
2021-10-12,72.46836653607893,73.01435842845474,72.04268165165682,72.27403259277344,1453400,72.27403259277344
2021-10-13,72.3665656310678,73.16241336815858,72.04267575208198,73.00509643554688,1092400,73.00509643554688
2021-10-14,73.22718521374306,74.30065679168165,73.14390227766295,74.27289581298828,1096300,74.27289581298828
2021-10-15,74.42095771031417,74.4949916946617,73.45853709460424,73.68988800048828,875700,73.68988800048828
2021-10-18,73.30122788586735,74.17110964280702,73.09763793762444,73.48631286621094,881200,73.48631286621094
2021-10-19,73.72691544837834,73.96752240149527,73.25496461683825,73.92124938964844,626700,73.92124938964844
2021-10-20,74.15259887941806,75.03173666543742,74.15259887941806,74.67082977294922,880700,74.67082977294922
2021-10-21,74.91143357784222,74.9669626059308,74.1988757698523,74.31917572021484,1043600,74.31917572021484
2021-10-22,74.30066009947232,75.48517564491785,74.30066009947232,74.70783996582031,815700,74.70783996582031
2021-10-25,74.62455069429804,74.80037964925933,74.03229291579325,74.66156768798828,862500,74.66156768798828
2021-10-26,74.7356048665959,75.29084567511934,74.55051989024147,75.01322174072266,831700,75.01322174072266
2021-10-27,75.34635466149327,75.42038863928467,74.00452235030059,74.46722412109375,862700,74.46722412109375
2021-10-28,74.41170232670639,75.17978190205817,74.30990737209312,75.12425994873047,812600,75.12425994873047
2021-10-29,74.99471479439832,75.66100657115351,73.89348216002405,74.2451400756836,1571200,74.2451400756836
2021-11-01,74.06005991780292,74.90218070712217,74.06005991780292,74.67082977294922,815600,74.67082977294922
2021-11-02,74.9021723175138,75.34636210762194,73.71765679686618,75.29084014892578,871000,75.29084014892578
2021-11-03,75.34636184020182,76.14220952661283,75.24456687610721,76.11444854736328,897600,76.11444854736328
2021-11-04,75.78131136173052,75.95714033082336,75.00397561256882,75.24457550048828,884000,75.24457550048828
2021-11-05,75.23532546351589,75.78131027086239,74.93919655472607,75.17054748535156,714600,75.17054748535156
2021-11-08,75.01321158612731,75.01321158612731,73.35673833841032,74.32841491699219,1240600,74.32841491699219
2021-11-09,74.29138421779373,74.94841978805887,73.96749443812327,74.93917083740234,855900,74.93917083740234
2021-11-10,75.12427165528288,76.20699227550475,74.95769870907415,76.16997528076172,1139200,76.16997528076172
2021-11-11,76.16996873009535,76.16996873009535,75.11500918159051,75.38337707519531,805800,75.38337707519531
2021-11-12,75.70726142428376,76.37355310339711,75.44814956246606,75.66099548339844,687100,75.66099548339844
2021-11-15,75.98489352725198,76.87328017537871,75.54995268633932,76.5216293334961,876800,76.5216293334961
2021-11-16,76.69744538572267,77.41001008879897,76.66968440824913,77.25269317626953,877200,77.25269317626953
2021-11-17,77.15091612878166,77.72466195714374,76.76224117311665,77.6876449584961,984500,77.6876449584961
2021-11-18,77.54883291973519,77.54883291973519,76.47536123831246,77.3174819946289,1007700,77.3174819946289
2021-11-19,77.83569454533199,78.68706413207147,77.45627569412721,77.70613861083984,1686100,77.70613861083984
2021-11-22,77.65062389264226,78.74259342504901,77.14164905951235,78.44646453857422,1677000,78.44646453857422
2021-11-23,78.59452996120979,79.38112162847983,78.30765709744844,79.03872680664062,1115600,79.03872680664062
2021-11-24,79.03872789674234,79.41813971595607,78.50199209368932,79.11275482177734,948300,79.11275482177734
2021-11-26,79.12201010729761,80.78773945998005,78.82588122907289,79.15902709960938,1402300,79.15902709960938
2021-11-29,79.4088930501399,80.7414767014037,79.02948118626466,80.50086975097656,2159100,80.50086975097656
2021-11-30,79.90860705109775,80.69519877388662,79.01096434404569,79.41814422607422,6211300,79.41814422607422
2021-12-01,79.74203865414425,81.6946411121487,79.67726067469592,80.09369659423828,2402400,80.09369659423828
2021-12-02,80.45462355468823,81.53734450705547,80.40835053199685,80.51940155029297,1672400,80.51940155029297
2021-12-03,81.09313607347342,81.96301794360416,80.60267316721537,81.93525695800781,1223700,81.93525695800781
2021-12-06,82.39793340748297,83.7027487490582,82.16658251866825,83.38811492919922,2080600,83.38811492919922
2021-12-07,83.42513426844937,83.55469020501326,80.54712856570893,81.2781982421875,2459100,81.2781982421875
2021-12-08,81.28746646033166,82.3794432275117,81.28746646033166,82.03704833984375,961100,82.03704833984375
2021-12-09,82.08330224297268,82.36092616651824,81.55582243645183,82.10181427001953,937300,82.10181427001953
2021-12-10,82.36092404769758,83.87858545409202,82.1758461436083,83.75828552246094,1577700,83.75828552246094
2021-12-13,83.71200928922121,86.68255401503795,83.53618034492594,86.11805725097656,2184100,86.11805725097656
2021-12-14,86.30315264850059,86.63629855153562,84.72071313921917,84.74847412109375,2068800,84.74847412109375
2021-12-15,84.78548192971375,85.76640750442996,84.55413102546791,85.33146667480469,1927300,85.33146667480469
2021-12-16,85.09084428850639,87.97810559030461,84.70217653449548,87.59869384765625,2154700,87.59869384765625
2021-12-17,87.58946185613306,89.09786734955313,86.86764809780601,87.0989990234375,3505400,87.0989990234375
2021-12-20,86.53450779832042,87.13602165593048,85.92373792621072,86.90467071533203,1630700,86.90467071533203
2021-12-21,86.55301258218854,86.7010805727851,84.95206803041799,86.0810546875,2081800,86.0810546875
2021-12-22,86.21060015806553,86.49747300610484,85.40549650871361,86.4234390258789,786700,86.4234390258789
2021-12-23,86.49748138408422,86.65479831210004,86.06254053346551,86.09030151367188,692600,86.09030151367188
2021-12-27,86.11807173717006,87.12676550797485,86.09031075398403,87.1082534790039,1049000,87.1082534790039
2021-12-28,87.06196730643056,87.8855758975896,86.73807747736836,87.8763198852539,804100,87.8763198852539
2021-12-29,87.95036288760461,88.80173254285735,87.78378994981435,88.48709869384766,836400,88.48709869384766
2021-12-30,88.90514529388406,89.01662765502051,88.22698042146641,88.78437805175781,601800,88.78437805175781
2021-12-31,88.96088685216677,89.94562286689117,88.78437489190668,89.75053405761719,880100,89.75053405761719
2022-01-03,89.27675051463169,89.37894091216285,87.99473519246236,89.01663208007812,1633800,89.01663208007812
2022-01-04,88.88657510438705,89.89918004839205,88.11550466273248,89.64835357666016,1434700,89.64835357666016
2022-01-05,89.6855039820231,90.8560439191952,89.6855039820231,90.03852081298828,1155500,90.03852081298828
2022-01-06,90.23360407181038,91.12544160652789,89.46254085455216,89.63904571533203,1115700,89.63904571533203
2022-01-07,89.44396593501102,90.16858356202933,89.0352043658436,89.22100830078125,1276000,89.22100830078125
2022-01-10,89.29533795343573,89.41610520629965,87.02857935598733,87.90184020996094,2271200,87.90184020996094
2022-01-11,88.11548832492794,88.4499282836914,86.58263969521114,88.4499282836914,1432300,88.4499282836914
2022-01-12,88.28270866491268,88.62644059273876,87.46519269998196,88.59857177734375,1170100,88.59857177734375
2022-01-13,88.77508336192413,89.0444937439743,88.19910889961255,88.7286376953125,1327200,88.7286376953125
2022-01-14,88.55213537924426,89.75983624581212,87.99473770532677,89.50900268554688,1670800,89.50900268554688
2022-01-18,88.99804347320746,90.76313464242996,88.72863310509476,90.54946899414062,2246100,90.54946899414062
2022-01-19,88.63571984085732,90.23359075832636,88.53352947394387,89.23956298828125,1618200,89.23956298828125
2022-01-20,89.12810629382857,89.91775349440401,88.403488695943,88.5707015991211,1620700,88.5707015991211
2022-01-21,89.23957670669404,90.05709976767591,88.59857268297249,88.9144287109375,1252700,88.9144287109375
2022-01-24,88.84011675605618,89.56474148060765,85.87661660244507,87.48377990722656,1947000,87.48377990722656
2022-01-25,86.9078186136546,87.6138524200985,85.46786800244777,86.41544342041016,1663700,86.41544342041016
2022-01-26,85.98809916952293,87.25153770061723,84.94762538228957,85.41212463378906,2074700,85.41212463378906
2022-01-27,89.89917027533718,92.11019095982974,89.30461187808586,91.2276382446289,3162100,91.2276382446289
2022-01-28,91.18118685593554,91.41343643677708,89.32319020920305,91.25550842285156,2449500,91.25550842285156
2022-01-31,91.14404186294948,93.25286530375344,90.87463145197523,93.18783569335938,3451000,93.18783569335938
2022-02-01,93.34575662361652,93.76380304289032,92.00799674162856,93.35504150390624,2321500,93.35504150390624
2022-02-02,93.64304684781246,94.76713412482276,93.36434447698198,94.44198608398438,1271700,94.44198608398438
2022-02-03,94.75783316004696,96.39287226579457,94.55345238586663,95.59393310546876,1432000,95.59393310546876
2022-02-04,95.0922701839447,95.72398933556026,94.00534383251193,94.50700378417967,1721100,94.50700378417967
2022-02-07,94.81357530623478,95.0458249083666,94.00535122694106,94.65564727783205,1347100,94.65564727783205
2022-02-08,95.1108583619788,95.501043095997,94.55346071184718,95.1666030883789,935400,95.1666030883789
2022-02-09,95.473168120074,95.84476891968444,94.7392655776555,95.03654479980467,1785100,95.03654479980467
2022-02-10,94.91577239990892,95.3988555755616,93.11352017974713,93.30860900878906,1416600,93.30860900878906
2022-02-11,93.71735537433696,94.44198007485078,93.243571296845,93.59658813476562,1322600,93.59658813476562
2022-02-14,93.79166775046836,94.12610770631473,92.24953425423864,93.27143096923828,1117300,93.27143096923828
2022-02-15,93.51297433564038,94.09824072593533,92.55610011194352,93.01131439208984,1247000,93.01131439208984
2022-02-16,92.93700069249208,93.39220792347682,90.65166548132775,91.4041519165039,1593000,91.4041519165039
2022-02-17,91.80362199550616,91.80362199550616,90.75385635060528,91.1161651611328,1415000,91.1161651611328
2022-02-18,90.96752322399522,91.5713736121356,89.9734952020517,90.84675598144533,2235600,90.84675598144533
2022-02-22,90.7724560922174,90.99541378084058,89.57404699836006,90.08499908447266,1710100,90.08499908447266
2022-02-23,90.4565748109624,90.85604439786488,89.6018909147255,89.75053405761719,1038900,89.75053405761719
2022-02-24,88.7472239583105,89.0723720098629,85.81159243725689,87.43733978271484,1922000,87.43733978271484
2022-02-25,87.85538743144605,89.55545637917139,87.82751861061384,89.37894439697266,1295900,89.37894439697266
2022-02-28,88.22698390684691,88.99805432118688,87.24224781817388,88.41278076171875,2474000,88.41278076171875
2022-03-01,88.30130425917903,90.15930113291076,88.06905464996257,89.41609954833984,1735800,89.41609954833984
2022-03-02,88.93302227367273,91.12545203426316,88.93302227367273,90.41941833496094,1358800,90.41941833496094
2022-03-03,90.68882910682971,92.58398675076364,90.5866387127184,92.49108123779295,1585900,92.49108123779295
2022-03-04,92.11949032551436,96.27210747136272,91.69214479845934,96.06773376464844,2371800,96.06773376464844
2022-03-07,95.5567745955765,99.72797536610874,95.47316105519596,96.67156982421876,3039200,96.67156982421876
2022-03-08,95.77974742483408,96.59727067076857,90.55878020058982,90.62380981445312,2198700,90.62380981445312
2022-03-09,91.12546080672418,92.11949602057136,90.382266248382,91.32984161376952,1218900,91.32984161376952
2022-03-10,91.20905685912028,91.53420485899284,90.14999932370974,90.98609924316406,874500,90.98609924316406
2022-03-11,91.03255232133044,91.83149152191132,89.56474021840552,89.66692352294922,916200,89.66692352294922
2022-03-14,90.11284302170648,91.2926678478378,88.91443425883253,91.2276382446289,1054500,91.2276382446289
2022-03-15,91.33911696106662,91.73858653276774,89.38822185487079,91.3019561767578,1154700,91.3019561767578
2022-03-16,91.25551710165932,91.25551710165932,89.13739476927782,89.95491790771484,1411300,89.95491790771484
2022-03-17,90.0199426029307,90.23360825686215,88.37561153476945,90.01065063476562,1351300,90.01065063476562
2022-03-18,90.36367419496013,90.36367419496013,88.07833890698947,89.40680694580078,1898400,89.40680694580078
2022-03-21,89.58328897452388,90.99536299801444,89.1652426556972,89.85269927978516,738700,89.85269927978516
2022-03-22,89.68549728619757,90.17786525420608,88.84010542588516,89.90845489501953,740800,89.90845489501953
2022-03-23,90.27077100727396,90.78172295205232,88.61715502263883,89.31390380859375,711600,89.31390380859375
2022-03-24,89.30459852424973,89.94560957981122,88.94228977659169,89.78768157958984,928600,89.78768157958984
2022-03-25,90.60521285833468,91.1811944181616,89.94562484456426,90.96752166748048,1314600,90.96752166748048
2022-03-28,91.0882971152442,91.21835632588508,90.0849771294183,90.68882751464844,1168800,90.68882751464844
2022-03-29,92.1009054019186,92.69546384055272,88.83083398943099,90.01995086669922,1896900,90.01995086669922
2022-03-30,90.54018986394034,90.62380341168358,87.83680800696995,90.3543930053711,1645200,90.3543930053711
2022-03-31,89.97349314548548,93.15995792410092,89.86201787420144,92.71404266357422,2757900,92.71404266357422
2022-04-01,92.90912666946402,94.9343433494632,92.64900826633117,94.68350982666016,1876400,94.68350982666016
2022-04-04,94.2004368237416,94.55345365535044,92.57468966436436,94.15398406982422,1353500,94.15398406982422
2022-04-05,93.6151717648149,96.05844225254629,93.6151717648149,95.49175262451172,2226300,95.49175262451172
2022-04-06,95.82617924628852,96.52292799443744,93.8195394495261,95.24090576171876,1011600,95.24090576171876
2022-04-07,95.22233640674696,96.24423323357298,94.9343491695793,95.67754364013672,1097000,95.67754364013672
2022-04-08,96.03184368139046,96.33952022754984,94.96896753397688,95.2113800048828,763600,95.2113800048828
2022-04-11,95.62159238011978,96.03182770675744,94.96895173615036,95.18338775634766,649600,95.18338775634766
2022-04-12,94.85708778608996,95.61229453699902,94.16715222683138,95.13679504394533,670000,95.13679504394533
2022-04-13,94.95030822396716,95.4817533640958,94.09254984957548,95.0994873046875,830500,95.0994873046875
2022-04-14,95.23001591034208,95.817392538744,94.60534451157734,94.69857788085938,1066400,94.69857788085938
2022-04-18,94.70791243725198,95.09949689375196,93.18818063048896,93.46788787841795,715100,93.46788787841795
2022-04-19,93.70096815838,94.8197828433292,93.49585047304758,94.66128540039062,776500,94.66128540039062
2022-04-20,94.84775342458866,97.87788404935978,94.84775342458866,96.96417999267578,1475300,96.96417999267578
2022-04-21,96.6285404987099,98.07368265947744,96.32086396952708,97.2252426147461,957200,97.2252426147461
2022-04-22,97.35577402800318,97.68209439722546,95.24867272202478,95.3605499267578,1025800,95.3605499267578
2022-04-25,95.3605429971101,95.79874765247256,93.77555439706506,95.4444580078125,945200,95.4444580078125
2022-04-26,95.35122651108529,96.04116915031696,93.7755632333686,93.78488159179688,1227800,93.78488159179688
2022-04-27,94.14849260096584,96.24627534319256,94.09254689082988,95.05286407470705,995100,95.05286407470705
2022-04-28,95.44445444215148,96.8149998420889,94.81977596037076,96.7124481201172,950500,96.7124481201172
2022-04-29,96.31154844745151,96.36748704958627,93.6450326758537,93.7662353515625,1727900,93.7662353515625
2022-05-02,94.46550470441146,94.6333276389416,90.11144099214488,91.31417083740234,1645200,91.31417083740234
2022-05-03,91.23024725984884,92.40500769141538,90.4750476818956,91.11837005615234,1349700,91.11837005615234
2022-05-04,91.31414482202568,92.88048939363875,90.94120428340368,92.72198486328124,780000,92.72198486328124
2022-05-05,92.02273529717824,92.32108634198556,89.53336810020001,89.91563415527344,1747100,89.91563415527344
2022-05-06,89.50539888772283,91.5565614335998,89.27231191145272,90.94121551513672,945100,90.94121551513672
2022-05-09,90.21399211794753,92.42365226781509,90.0088744251791,91.85491943359376,1043100,91.85491943359376
2022-05-10,92.19988330014024,92.85252398511064,90.81068692027463,91.34212493896484,806900,91.34212493896484
2022-05-11,91.02513376237772,92.4702760248744,90.77340292921258,91.5006332397461,647700,91.5006332397461
2022-05-12,91.71506769905292,92.24650573035926,89.94360522361507,91.24889373779295,846400,91.24889373779295
2022-05-13,91.5192788447948,93.495851960535,91.00648462330535,93.4865264892578,945900,93.4865264892578
2022-05-16,93.5238374466161,94.54010059419517,93.26278111167883,94.11122131347656,707900,94.11122131347656
2022-05-17,93.90608613792706,94.1951117245736,91.37009858996316,94.1764678955078,1050100,94.1764678955078
2022-05-18,93.34668011475884,93.62638023420568,85.13268976785402,85.44969177246094,1926600,85.44969177246094
2022-05-19,84.76906920933683,85.03012548275032,82.69925573691562,83.38919830322266,2163900,83.38919830322266
2022-05-20,84.13506622810287,84.4613865461105,82.29833986399636,84.20965576171875,1291300,84.20965576171875
2022-05-23,85.0581148747259,85.83195834236182,84.31223359693709,85.4217300415039,1360100,85.4217300415039
2022-05-24,85.44968127058632,87.52881297795653,85.44968127058632,87.37031555175781,1084800,87.37031555175781
2022-05-25,87.2957248665635,87.5754320611979,86.06502601402119,87.09061431884766,1559000,87.09061431884766
2022-05-26,87.32368858783877,88.12550106189914,85.68275465180588,85.73869323730469,1268100,85.73869323730469
2022-05-27,85.70140606793977,86.7083433756105,85.70140606793977,86.65240478515625,1548800,86.65240478515625
2022-05-31,86.70836006199623,87.06264972513532,84.78772554546526,86.44730377197266,3660000,86.44730377197266
2022-06-01,86.26084098461975,86.43798939555262,83.6689144677662,84.5826187133789,1367900,84.5826187133789
2022-06-02,84.73177718394176,85.32847928914028,82.69925841521862,84.91825103759766,921300,84.91825103759766
2022-06-03,84.41478384549981,85.04878073301745,82.98829262689773,83.7714614868164,904900,83.7714614868164
2022-06-06,84.28425545996684,84.35884500257816,83.13746436038119,83.65958404541016,784600,83.65958404541016
2022-06-07,82.81114098351534,83.68755029411656,82.29834678832313,83.58499145507812,846800,83.58499145507812
2022-06-08,83.29596023165136,84.28425386947602,83.00693465104942,83.40784454345703,703700,83.40784454345703
2022-06-09,83.52906050452467,84.26561633630345,81.42195897960192,81.4499282836914,842300,81.4499282836914
2022-06-10,80.51757072753169,82.69926154859093,80.30312756601496,82.0279769897461,1049800,82.0279769897461
2022-06-13,81.17954374810579,81.78557139817318,80.5735160980384,80.862548828125,1157000,80.862548828125
2022-06-14,80.99307599214231,81.14224797817202,77.44082515796892,78.13076782226562,1639000,78.13076782226562
2022-06-15,78.56895999421765,79.99545835785871,77.72052704373228,78.06549835205078,1433900,78.06549835205078
2022-06-16,76.79750026854488,77.6925534127631,76.07026292019563,77.25434875488281,1431900,77.25434875488281
2022-06-17,77.26367781495775,77.90699306875703,76.19147624095837,76.95600128173828,2068800,76.95600128173828
2022-06-21,77.20773434066332,78.64355109076386,77.02126758901416,77.91632080078125,1212500,77.91632080078125
2022-06-22,77.55271251107179,78.24264808906138,76.46186697967245,77.804443359375,1078400,77.804443359375
2022-06-23,78.30789672312522,79.91153622044888,78.30789672312522,79.71574401855469,956600,79.71574401855469
2022-06-24,80.19123928777728,82.00931472090245,79.96747068581612,81.89743041992188,1385100,81.89743041992188
2022-06-27,81.78555914182404,82.41955600002616,81.31005971985995,81.96270751953125,1278900,81.96270751953125
2022-06-28,81.96271469166717,82.72723975405323,80.89983144566648,80.96509552001953,1254900,80.96509552001953
2022-06-29,79.71575715484072,80.37772340744868,77.07721050323708,79.83695983886719,2849800,79.83695983886719
2022-06-30,78.94189030110036,79.8742381457712,76.76951811583741,77.61795806884766,2099100,77.61795806884766
2022-07-01,77.5900037313945,77.84173456816087,76.63900476305282,77.07720947265625,1510700,77.07720947265625
2022-07-05,76.85345700721972,78.59695057941131,76.21013451820886,78.41047668457031,1708900,78.41047668457031
2022-07-06,77.73915399745991,78.62488864116266,77.5620127593185,77.78577423095703,1256400,77.78577423095703
2022-07-07,77.8603831366232,78.20534734265811,76.72291744339839,77.08653259277344,967700,77.08653259277344
2022-07-08,77.08653038192207,77.87322693477967,76.61826083588639,76.86176300048828,686900,76.86176300048828
2022-07-11,76.94604521688242,77.80765935456243,76.83365796818383,77.10525512695312,890700,77.10525512695312
2022-07-12,77.09588579006405,78.17290700758397,76.72126878241906,77.0396957397461,842700,77.0396957397461
2022-07-13,76.79618952509499,78.25718791739318,76.3653824900641,77.8451156616211,1070500,77.8451156616211
2022-07-14,76.79619391046036,77.78892291112354,76.59015419819627,77.19890594482422,1044200,77.19890594482422
2022-07-15,77.65781253915878,77.65781253915878,76.309201231417,76.55269622802734,1299900,76.55269622802734
2022-07-18,76.49650466769232,76.72127202368507,75.75663801127301,75.81282806396484,1382900,75.81282806396484
2022-07-19,76.25300373882257,76.94604774405458,75.99077396180529,76.75873565673828,1307600,76.75873565673828
2022-07-20,77.13334443719329,77.27382670135039,76.3466480450484,76.80555725097656,976200,76.80555725097656
2022-07-21,76.82429073405093,77.76082970610125,76.61825101696381,77.73273468017578,968500,77.73273468017578
2022-07-22,78.71610303926894,79.3623100677854,78.1167186719702,78.77229309082031,1212800,78.77229309082031
2022-07-25,78.66927517323562,80.06471626790726,78.48197023329428,79.2031021118164,946000,79.2031021118164
2022-07-26,78.3508479672816,79.5870790320535,77.77019127578845,79.46532440185547,919600,79.46532440185547
2022-07-27,79.3061213918139,80.17710293209369,78.14481505318267,79.98043060302734,942700,79.98043060302734
2022-07-28,80.01790223218715,82.05955773664857,79.77440006783132,81.97526550292969,1182100,81.97526550292969
2022-07-29,81.46017151813267,82.2093984876007,81.15111190992941,81.80668640136719,2344400,81.80668640136719
2022-08-01,81.40396571277212,82.41542951715492,81.39460546761649,82.16256713867188,1243000,82.16256713867188
2022-08-02,82.59338556671138,83.29578989214713,81.61938404467996,82.761962890625,1052000,82.761962890625
2022-08-03,82.73385099962069,82.93053047544443,82.08764395486214,82.7994155883789,986500,82.7994155883789
2022-08-04,82.78068708404935,83.27705164346625,82.41543742163971,82.6870346069336,804300,82.6870346069336
2022-08-05,82.26558566094002,82.76195735302582,81.52572610878413,82.72449493408203,810700,82.72449493408203
2022-08-08,83.17403156466689,83.90453088763824,82.9867266109092,83.52055358886719,844000,83.52055358886719
2022-08-09,84.28850362924183,84.90662275223093,83.75467672539897,84.58819580078125,749400,84.58819580078125
2022-08-10,85.24378424871469,85.26251903171408,83.56738557680399,84.1105728149414,796200,84.1105728149414
2022-08-11,84.5132677512596,85.05646202435949,83.74530614437603,83.94197845458984,865200,83.94197845458984
2022-08-12,84.45709060952862,84.96282254673847,83.69849627632675,84.9159927368164,800800,84.9159927368164
2022-08-15,84.93472141635064,86.11475537316286,84.57883203505544,86.02110290527344,698500,86.02110290527344
2022-08-16,85.81505684326802,87.07002268490993,85.81505684326802,86.60175323486328,832000,86.60175323486328
2022-08-17,86.58302593813514,87.0981252357918,86.46127844288237,86.70478057861328,1073200,86.70478057861328
2022-08-18,86.74224929846561,87.09813156483631,85.60903790650076,86.2271499633789,759400,86.2271499633789
2022-08-19,86.21777328031268,86.37699033186945,85.41234921328477,85.9555435180664,1031300,85.9555435180664
2022-08-22,85.85253223401044,85.85253223401044,84.16676624616007,84.60693359375,698300,84.60693359375
2022-08-23,84.41963250274601,84.41963250274601,82.949266425933,83.38007354736328,845100,83.38007354736328
2022-08-24,83.6422898329269,83.68911963767428,82.81813814403814,83.18338775634766,834400,83.18338775634766
2022-08-25,83.22085750581992,83.61420217755551,82.65893552545113,83.38943481445312,612100,83.38943481445312
2022-08-26,83.33323818960272,83.39879562972314,80.9918908349808,81.1042709350586,752000,81.1042709350586
2022-08-29,80.54234838033743,81.03871287246862,79.77438673972927,80.42060089111328,1063600,80.42060089111328
2022-08-30,80.3269504181334,80.44870506643137,79.10945395173454,79.39041137695312,887800,79.39041137695312
2022-08-31,79.5215292323896,79.830581669347,78.62244551236206,78.73483276367188,1412200,78.73483276367188
2022-09-01,78.36021530313153,79.57771884394407,77.76083092325547,79.40914154052734,1081900,79.40914154052734
2022-09-02,79.84930632668099,80.18646089263824,77.3487421049607,77.77955627441406,988000,77.77955627441406
2022-09-06,77.93879450711077,78.21975198408362,76.63700557168995,76.9835205078125,1065000,76.9835205078125
2022-09-07,77.03969730777763,79.67136951453422,76.9741398659973,79.6058120727539,1130300,79.6058120727539
2022-09-08,73.96786300356882,75.38203193330433,72.74099189492667,74.2675552368164,3878100,74.2675552368164
2022-09-09,74.46422422833957,75.76601297751724,72.99385815900523,74.82010650634766,1890700,74.82010650634766
2022-09-12,74.92312127222421,76.39348724138259,74.67025888182974,76.24364471435547,1579300,76.24364471435547
2022-09-13,75.71918063231769,75.96268278555922,74.23008697510507,74.43612670898438,1601500,74.43612670898438
2022-09-14,74.46421979512745,74.92312191620098,74.03341270153638,74.37056732177734,1574900,74.37056732177734
2022-09-15,74.28625833637354,74.5672228382687,73.49956916342562,73.52766418457031,1243600,73.52766418457031
2022-09-16,73.49958662175801,74.18325611608442,72.87210003784199,74.1176986694336,2166600,74.1176986694336
2022-09-19,74.25818849119071,74.35184097516566,73.07814718647201,73.85547637939453,1010600,73.85547637939453
2022-09-20,73.57450469546906,73.78991181856709,72.24462097353155,72.4506607055664,1178500,72.4506607055664
2022-09-21,72.8346375590077,73.88356384978269,72.38510282383683,72.39447021484375,1263900,72.39447021484375
2022-09-22,72.38509242011449,72.60985975539468,71.75761307212717,71.80443572998047,1010000,71.80443572998047
2022-09-23,71.242525285658,71.45793241117221,70.20296636798592,71.20506286621094,971700,71.20506286621094
2022-09-26,71.09268264809236,71.34554504745424,70.17487123605943,70.57758331298828,1057200,70.57758331298828
2022-09-27,70.84916988649303,71.62649889572481,69.47245654719032,69.7253189086914,1195700,69.7253189086914
2022-09-28,70.10930813595317,70.70869250744461,69.22895921428905,70.27788543701172,1333500,70.27788543701172
2022-09-29,70.23106750528788,70.23106750528788,68.32989421063799,68.8449935913086,1326800,68.8449935913086
2022-09-30,69.00419376606449,69.2476959065874,66.6722136580708,66.74713134765625,1612700,66.74713134765625
2022-10-03,67.48700206210324,68.07702624009367,66.67221765665123,67.8147964477539,1314100,67.8147964477539
2022-10-04,68.07703545655419,69.80963151498509,67.97401557486988,69.70661163330078,1444500,69.70661163330078
2022-10-05,69.14468101281255,69.2757959105391,67.20604543045454,68.65767669677734,1859000,68.65767669677734
2022-10-06,69.42564020710182,73.02195403017147,67.61811947661167,67.83352661132812,2635000,67.83352661132812
2022-10-07,67.94647589980967,69.74444623587083,67.72996277314454,69.13257598876953,1986600,69.13257598876953
2022-10-10,69.64091325648862,71.67422076558533,69.48087867257324,71.41064453125,1962500,71.41064453125
2022-10-11,71.2882659144304,72.42729579250324,70.9493801610634,71.39180755615234,1916500,71.39180755615234
2022-10-12,71.6930365176891,71.88130316454178,70.09274129179241,70.111572265625,1356100,70.111572265625
2022-10-13,69.06668478030456,70.97761950220126,68.737207332877,70.47870635986328,1492900,70.47870635986328
2022-10-14,70.81760290420753,71.37299469614241,69.04786432507564,69.22672271728516,1047300,69.22672271728516
2022-10-17,69.72563486579989,70.14923852494843,68.8219417928793,69.31143951416016,1102600,69.31143951416016
2022-10-18,70.26219466636545,71.23178168845634,69.75386602546168,70.23395538330078,1065600,70.23395538330078
2022-10-19,70.41282160350573,71.29768369315836,69.86683813032991,70.30927276611328,1112800,70.30927276611328
2022-10-20,70.1492338240004,70.73287203657073,68.48305140350357,68.52070617675781,1156700,68.52070617675781
2022-10-21,68.3230165869272,69.58441903540371,67.84292725744285,69.50910949707031,1114600,69.50910949707031
2022-10-24,70.08334660347889,70.8176039806989,69.26437854652148,70.13041687011719,938800,70.13041687011719
2022-10-25,70.15864756812229,71.89073118517672,69.91389513901291,71.66480255126953,1138900,71.66480255126953
2022-10-26,71.90014485155872,72.63440219362148,71.14707089480456,71.91897583007812,1090800,71.91897583007812
2022-10-27,72.23902273191135,73.86755746356022,72.11665011259726,73.06741333007812,1129900,73.06741333007812
2022-10-28,73.19919750281096,74.82772496500542,72.49318674382296,74.55473327636719,1355500,74.55473327636719
2022-10-31,74.57357131964797,74.79949277300062,73.86756049374661,74.027587890625,1848400,74.027587890625
2022-11-01,74.25350622942808,74.95951702571595,73.67928354056089,73.98051452636719,896400,73.98051452636719
2022-11-02,73.90521078595408,74.76183346818856,72.59673804249317,72.70028686523438,1062600,72.70028686523438
2022-11-03,71.93779629359274,72.90738336691221,71.23178545202065,72.25785827636719,884900,72.25785827636719
2022-11-04,72.81324311874268,74.95010641844374,72.56849070594107,74.38529205322266,1466000,74.38529205322266
2022-11-07,74.69595142953604,75.43961710250723,73.93346195936303,75.25135040283203,1020700,75.25135040283203
2022-11-08,75.53373963525513,76.88928266091645,74.88421458705342,75.96675872802734,1082000,75.96675872802734
2022-11-09,76.06091004159376,76.50333750345598,74.47002985829062,74.56416320800781,1006100,74.56416320800781
2022-11-10,76.57863411081722,77.36936991498357,74.9501066084518,77.05872344970703,1464300,77.05872344970703
2022-11-11,77.0869659153998,79.16734356062597,75.36429782616956,78.85669708251953,1818700,78.85669708251953
2022-11-14,78.97908155359976,79.44975545179533,77.89653015136719,77.89653015136719,1082200,77.89653015136719
2022-11-15,78.80022246554763,79.89218934686161,78.02831756672396,78.74374389648438,1274500,78.74374389648438
2022-11-16,79.01673561681287,79.60036664890292,77.65177701517038,78.74374389648438,1011500,78.74374389648438
2022-11-17,78.13185533706512,78.54605060332908,77.03988861033746,78.24481964111328,1127600,78.24481964111328
2022-11-18,79.03554906985114,79.03554906985114,77.94358951334584,78.84728240966797,997000,78.84728240966797
2022-11-21,78.94142226896675,80.29696531652263,78.14127812413963,80.15576171875,1349300,80.15576171875
2022-11-22,80.52288712759989,81.23831342614359,79.92984063257157,81.0688705444336,1233400,81.0688705444336
2022-11-23,81.18182849441527,81.44540471707974,80.63585225400176,81.05945587158203,865300,81.05945587158203
2022-11-25,81.21948189586588,81.21948189586588,79.45916621767174,79.92984008789062,1003100,79.92984008789062
2022-11-28,79.68510521436805,80.3063911252947,78.75317275702064,78.837890625,1523400,78.837890625
2022-11-29,78.56489885831947,78.837890625,77.21877100574436,78.837890625,1490300,78.837890625
2022-11-30,78.74374475517652,80.21224502214426,78.12245176105095,80.18400573730469,5048000,80.18400573730469
2022-12-01,80.95590480673195,81.45481795469058,79.99573328185672,80.70174407958984,1172000,80.70174407958984
2022-12-02,80.54170904445792,81.45481748671959,80.21223877712464,81.31361389160156,1002600,81.31361389160156
2022-12-05,80.39110312091306,80.46641266816441,78.7813992534623,79.12028503417969,898700,79.12028503417969
2022-12-06,78.95082609628489,79.83568795993341,78.95082609628489,79.430908203125,850600,79.430908203125
2022-12-07,79.76980198736776,80.39109491590949,79.68508414179188,80.34402465820312,937400,80.34402465820312
2022-12-08,80.17459184340277,81.06887657862494,80.11811327260003,80.6264419555664,820300,80.6264419555664
2022-12-09,80.37226290992996,80.83352844741879,80.1275176823501,80.27812957763672,809000,80.27812957763672
2022-12-12,80.66409628546359,81.0500451536782,80.24048546103622,80.93708801269531,781500,80.93708801269531
2022-12-13,82.25496390287967,82.86684137745688,80.93708279691442,81.52071380615234,1188600,81.52071380615234
2022-12-14,81.70899576877055,82.67858289942103,80.95591462046569,81.21007537841797,1176300,81.21007537841797
2022-12-15,80.52288282183422,80.89942333682333,79.12968507094838,79.5062255859375,1109900,79.5062255859375
2022-12-16,78.85670086117285,79.24265690069264,77.59529827544344,78.517822265625,2481500,78.517822265625
2022-12-19,78.5366381914438,79.27088824172945,77.29405952590358,77.98123931884766,1064900,77.98123931884766
2022-12-20,77.76473460984462,78.38602036155044,77.11520239413638,78.12244415283203,787600,78.12244415283203
2022-12-21,78.33896847591853,79.75099023739678,78.33896847591853,79.30855560302734,669400,79.30855560302734
2022-12-22,79.13910406730596,79.38385649018639,78.29188966649933,79.2426528930664,916400,79.2426528930664
2022-12-23,79.14851585244242,79.50622539075178,78.81904559585314,79.28030395507812,602900,79.28030395507812
2022-12-27,79.49682119284272,80.09928322814145,79.16735088946277,79.85453796386719,665300,79.85453796386719
2022-12-28,80.03338600425604,80.3534479876851,78.33896429016576,78.3577880859375,700600,78.3577880859375
2022-12-29,78.72664018819452,79.71971100239047,78.56585949354442,79.57784271240234,685600,79.57784271240234
2022-12-30,79.54948155200151,79.64405801989592,77.51605502152267,78.3956298828125,842800,78.3956298828125
2023-01-03,78.72663576296986,78.95362790048004,77.6389885551588,78.94416809082031,931000,78.94416809082031
2023-01-04,79.2184539698982,80.86410746993704,79.01984123849019,80.35338592529297,890800,80.35338592529297
2023-01-05,80.27771796864117,80.6465711970015,79.54947132221004,79.87103271484375,776900,79.87103271484375
2023-01-06,80.66548122421865,81.9139090522858,79.99397908794285,81.62071990966797,937200,81.62071990966797
2023-01-09,81.30862177243772,81.67747500512525,79.93723789320875,80.0223617553711,1167000,80.0223617553711
2023-01-10,80.183145290157,80.43850966995674,79.50218323165285,79.79537963867188,1067800,79.79537963867188
2023-01-11,79.7291533222969,80.00342281619388,77.97000423008113,78.99143981933594,1148500,78.99143981933594
2023-01-12,78.76446651784572,78.91579460708292,75.72851708079895,76.57971954345703,1637300,76.57971954345703
2023-01-13,76.23923759639761,77.09989264198283,75.77580795646712,76.70266723632812,840000,76.70266723632812
2023-01-17,76.70266723632812,77.74302258168491,76.44731010861305,76.70266723632812,1191600,76.70266723632812
2023-01-18,76.55134641124246,76.7404993047967,72.94792389855525,72.98575592041016,1326700,72.98575592041016
2023-01-19,72.8249787068729,73.33570020265174,72.46558530571922,72.49395751953125,984700,72.49395751953125
2023-01-20,72.47504112850349,73.26003941897046,71.73733467364384,73.24112701416016,1046000,73.24112701416016
2023-01-23,73.26004159875026,74.47063758281911,73.16546514044262,74.3855209350586,1142500,74.3855209350586
2023-01-24,74.915152072901,74.915152072901,73.56268784408195,74.33822631835938,1056400,74.33822631835938
2023-01-25,73.94099156981034,74.20580849611798,72.60743991354961,73.75183868408203,1660400,73.75183868408203
2023-01-26,69.04186362867344,70.86721729816993,68.33252941331035,69.47692108154297,3539300,69.47692108154297
2023-01-27,69.74174368422034,71.3968569874898,69.74174368422034,70.40379333496094,2217400,70.40379333496094
2023-01-30,70.25246241149917,71.09420513760381,70.06330949927921,70.63077545166016,1270500,70.63077545166016
2023-01-31,70.99016150661726,71.39684671984944,70.4699874441149,71.04691314697266,1732600,71.04691314697266
2023-02-01,70.87668350235205,71.8130027307009,70.4605384160986,71.51981353759766,1436400,71.51981353759766
2023-02-02,71.22661357879386,71.58601421381688,70.5929433859242,70.9050521850586,1696400,70.9050521850586
2023-02-03,70.77264408461527,71.89811618447152,69.85523730291484,70.49836730957031,1198600,70.49836730957031
2023-02-06,70.14842151284083,71.3306451754506,70.14842151284083,71.23606872558594,1059000,71.23606872558594
2023-02-07,70.7631864228444,70.7631864228444,69.37289010038103,70.53620147705078,1470600,70.53620147705078
2023-02-08,70.25246166343078,70.42270216890441,69.68499571709238,69.78903198242188,1210900,69.78903198242188
2023-02-09,70.07275706178712,70.40378545798168,68.9283654288795,69.4390869140625,1386500,69.4390869140625
2023-02-10,69.51475417373965,70.46999295217519,69.07969671418506,70.46053314208984,1174200,70.46053314208984
2023-02-13,70.61184956313717,71.50087673967329,70.56455773625218,71.49141693115234,1036000,71.49141693115234
2023-02-14,71.40631855607987,71.40631855607987,70.09168624866274,70.84831237792969,990400,70.84831237792969
2023-02-15,70.68751105615566,70.98070741392556,70.12950498377454,70.7442626953125,1099500,70.7442626953125
2023-02-16,69.99710103210204,70.60239897352413,69.4580073275317,70.28083038330078,974000,70.28083038330078
2023-02-17,70.34703387558021,71.86028592883942,70.03493231413701,71.64275360107422,1031200,71.64275360107422
2023-02-21,71.5954654472288,71.68058930706573,70.63077406864288,71.43468475341797,1002100,71.43468475341797
2023-02-22,71.78461113078536,72.71147029807058,71.36846615689923,71.72785949707031,1320800,71.72785949707031
2023-02-23,71.72787490812259,72.02107130077303,70.55511098468389,71.31173706054688,945200,71.31173706054688
2023-02-24,70.74425690339586,71.16039466739542,70.55509681456009,70.91449737548828,820500,70.91449737548828
2023-02-27,71.33065199879321,71.69005264466729,70.61186513848764,70.94288635253906,1056400,70.94288635253906
2023-02-28,70.5834799961417,70.74426790057646,70.044386286667,70.29029083251953,1724000,70.29029083251953
2023-03-01,69.98763990011213,69.98763990011213,68.65408816279387,69.01348876953125,1403800,69.01348876953125
2023-03-02,68.99456517602648,69.0796890258789,67.94475006074052,69.0796890258789,2324100,69.0796890258789
2023-03-03,69.40126605864266,69.40126605864266,68.44603438638441,68.94729614257812,1794800,68.94729614257812
2023-03-06,68.79596250828062,69.39180789693701,68.55951775804456,69.2593994140625,1194800,69.2593994140625
2023-03-07,69.34451153428883,69.59986867295859,67.90693072160589,68.21903228759766,1836300,68.21903228759766
2023-03-08,68.41764644582742,69.11752807096305,67.96367658620946,68.79595947265625,1565700,68.79595947265625
2023-03-09,69.21211180197861,69.41072453841237,67.85018764846528,68.0960922241211,1743500,68.0960922241211
2023-03-10,67.80290139627779,67.96368210061614,66.8571223603279,67.10301971435547,1358800,67.10301971435547
2023-03-13,66.84765549078715,68.8432496231743,66.77199144412776,68.20957946777344,1456600,68.20957946777344
2023-03-14,68.56897311785248,68.58788552172652,67.18813673198635,67.94475555419922,1406100,67.94475555419922
2023-03-15,67.67048170613832,69.22155849106875,67.10300860593239,68.96619415283203,1507900,68.96619415283203
2023-03-16,69.07969234879494,69.35396909817048,68.13391344021186,69.27830505371094,1416700,69.27830505371094
2023-03-17,69.47692310985785,69.47692310985785,68.45548007814193,68.6824722290039,2680300,68.6824722290039
2023-03-20,68.70137327182616,69.42962700789073,68.63516904270391,69.30667114257812,1348800,69.30667114257812
2023-03-21,69.2499393468824,69.45801188083401,68.17175186706145,68.84325408935547,1329700,68.84325408935547
2023-03-22,68.69191320137686,69.21209443944048,68.18119177192888,68.20011138916016,1203200,68.20011138916016
2023-03-23,68.11500077586624,68.72030597762465,67.30163746990213,67.33946228027344,1448200,67.33946228027344
2023-03-24,67.53807839158917,69.14589972288486,67.49078655772486,68.91891479492188,1259200,68.91891479492188
2023-03-27,69.25938921672996,70.40378077349264,69.07022911495922,70.04438018798828,2233300,70.04438018798828
2023-03-28,74.73545699890079,79.34140354804742,74.13961879790821,76.7783432006836,6331900,76.7783432006836
2023-03-29,77.08098541526552,77.53496249201493,76.60809593419027,76.79724884033203,2550700,76.79724884033203
2023-03-30,76.9958667289022,77.40254474474249,75.97442374511371,76.6175537109375,1883000,76.6175537109375
2023-03-31,77.0715316089444,78.91580505823521,77.0715316089444,78.69827270507812,2106800,78.69827270507812
2023-04-03,78.37670085953815,79.96560971676786,78.3672410500376,79.74807739257812,1870500,79.74807739257812
2023-04-04,80.18313960037713,80.67494870360763,79.73862233174526,80.52362060546875,1851600,80.52362060546875
2023-04-05,81.03434328604105,81.55452461127175,80.533081581212,80.68440246582031,1614000,80.68440246582031
2023-04-06,80.89343109673153,81.53951470287238,80.51338063743817,81.52051544189453,1188100,81.52051544189453
2023-04-10,81.0929508601135,81.45400203573668,80.61788962806966,80.99794006347656,1459300,80.99794006347656
2023-04-11,81.18796389473728,82.32811523238684,80.79841744313002,81.81504821777344,1333000,81.81504821777344
2023-04-12,81.60602569580078,82.29961835067654,81.37799831220677,81.60602569580078,1177000,81.60602569580078
2023-04-13,81.52050893300319,82.48963064040649,81.14045850405441,82.15708923339844,1363700,82.15708923339844
2023-04-14,81.98607777297707,82.0905918360165,80.5703971675247,80.75091552734375,1105300,80.75091552734375
2023-04-17,80.8744352282143,81.39699828891062,80.1618433054703,81.25447845458984,1159100,81.25447845458984
2023-04-18,81.13094327876935,81.52049690439821,79.87678212249513,80.90291595458984,1276000,80.90291595458984
2023-04-19,81.08344294329162,81.25446526694755,80.73190229106348,81.00743865966797,859600,81.00743865966797
2023-04-20,80.92191819558677,81.17845528750031,80.43736101994244,81.14044952392578,720400,81.14044952392578
2023-04-21,81.53001509404818,81.82455801882405,80.91244122504504,81.40650177001953,937000,81.40650177001953
2023-04-24,81.530013095824,81.91006356279888,80.59889706303827,80.96944427490234,1157600,80.96944427490234
2023-04-25,81.13094243338237,81.76752263321504,80.95992012981532,81.5584945678711,1023200,81.5584945678711
2023-04-26,80.95993340673917,81.46349714736299,80.57988297550227,80.74140930175781,1014900,80.74140930175781
2023-04-27,80.63690161168388,83.08821222633287,80.63690161168388,83.04071044921875,1387200,83.04071044921875
2023-04-28,83.2877357567419,83.77229297723288,82.85067305961292,83.46825408935547,2218300,83.46825408935547
2023-05-01,83.45875131642583,84.35186872608944,83.33523800930894,84.00032806396484,1763400,84.00032806396484
2023-05-02,83.80078253980598,84.09532537703603,83.14520309314318,83.82929229736328,982600,83.82929229736328
2023-05-03,84.12383801803834,84.7224125193974,83.41124621929053,83.53475952148438,1258400,83.53475952148438
2023-05-04,83.7152937402907,84.14284596414011,82.87918855302233,83.8673095703125,974700,83.8673095703125
2023-05-05,83.50626964184715,84.54190698210088,83.50626964184715,84.51339721679688,776600,84.51339721679688
2023-05-08,84.10484615178048,84.42789159285543,83.60128235282177,83.88632202148438,775600,83.88632202148438
2023-05-09,83.6867818038975,84.5988984279219,83.44925120653097,84.03832244873047,1125200,84.03832244873047
2023-05-10,84.11433706131659,85.01695771369387,83.82930468334916,84.57989501953125,1100500,84.57989501953125
2023-05-11,84.49439079459307,85.14997761268971,84.16184938282635,85.04546356201172,1000500,85.04546356201172
2023-05-12,84.9124386183373,85.80554871482943,84.89343211162095,85.77704620361328,1298700,85.77704620361328
2023-05-15,85.805566975549,86.62267296564336,85.05496927539906,86.31863403320312,1422800,86.31863403320312
2023-05-16,86.1286033619006,86.1286033619006,84.93144701992789,85.22598266601562,1064500,85.22598266601562
2023-05-17,85.30199781548208,85.51102592756698,83.68679244750516,84.35187530517578,1021000,84.35187530517578
2023-05-18,83.92431935852831,84.32336905545893,83.54426892146427,84.16184997558594,903600,84.16184997558594
2023-05-19,84.17133642140705,84.99794548447554,83.96231559117739,84.48487854003906,2950100,84.48487854003906
2023-05-22,84.22835598282536,84.56089738795,82.86968060000844,83.34474182128906,1544900,83.34474182128906
2023-05-23,83.40174570493323,83.40174570493323,82.55613732255408,82.93618774414062,972300,82.93618774414062
2023-05-24,82.92669232036954,83.89582134936644,82.2806087173248,83.31624603271484,1032800,83.31624603271484
2023-05-25,82.78417217484584,83.30674245797096,82.47063725383029,82.86018371582031,1013600,82.86018371582031
2023-05-26,82.46113016242874,82.94569465252191,81.76753756881072,82.59414672851562,1070100,82.59414672851562
2023-05-30,81.89106805550739,82.20460299993957,80.81742489342066,81.15946960449219,1390300,81.15946960449219
2023-05-31,81.33998507460888,82.25210177412916,80.53238242648916,81.4540023803711,6040500,81.4540023803711
2023-06-01,82.10008936284285,83.24973672719916,82.07157959857233,83.21173095703125,1644700,83.21173095703125
2023-06-02,83.09770625125311,84.12384020788758,83.09770625125311,84.0478286743164,1139300,84.0478286743164
2023-06-05,83.99084101923562,85.1404885190449,83.97183450748255,84.3328857421875,814700,84.3328857421875
2023-06-06,87.17373605731346,87.79131710858125,85.12146805596684,85.6535415649414,1718300,85.6535415649414
2023-06-07,84.79843379249257,86.46114818058066,83.91481957058281,86.22361755371094,1419700,86.22361755371094
2023-06-08,86.09060639431516,86.2711320017192,84.95995821970654,85.6345443725586,761100,85.6345443725586
2023-06-09,85.40651150098992,86.42314229265264,85.28299818477538,86.1476058959961,693200,86.1476058959961
2023-06-12,86.34712686830268,86.46114417350539,85.69154729774976,86.1095962524414,765700,86.1095962524414
2023-06-13,85.9195754608599,86.53715651763261,85.70104410273078,85.83406066894531,898000,85.83406066894531
2023-06-14,86.26162832414363,86.71768309480804,85.88157784935005,86.44215393066406,759100,86.44215393066406
2023-06-15,86.81269005085811,87.46826960597762,86.3471248355516,87.39226531982422,1303100,87.39226531982422
2023-06-16,87.45876713857488,88.64642010216848,87.39225886256799,88.02883911132812,1714000,88.02883911132812
2023-06-20,88.62741281863845,89.54903267012712,88.2948714415184,88.30437469482422,2782400,88.30437469482422
2023-06-21,88.14285495216436,89.02646910513202,87.78181103708144,88.65592193603516,1776200,88.65592193603516
2023-06-22,89.2069988056707,89.44452942497408,88.69393179811227,89.07398223876953,1293400,89.07398223876953
2023-06-23,89.56803896341485,89.6820562654656,88.83644787628455,89.11198425292969,1779900,89.11198425292969
2023-06-26,89.07398787033415,89.07398787033415,88.08585956169608,88.63693237304688,1853300,88.63693237304688
2023-06-27,88.8554526138489,89.09298323778856,88.09535896655761,88.59892272949219,2792200,88.59892272949219
2023-06-28,87.83881744154391,87.85782394987004,86.53715432670562,87.26874542236328,3916600,87.26874542236328
2023-06-29,86.29961270389926,86.29961270389926,81.98605646931817,82.45161437988281,4993700,82.45161437988281
2023-06-30,83.23072156018566,83.60126871970485,82.18558836028897,82.87918090820312,2368600,82.87918090820312
2023-07-03,82.88867893909429,83.77229309082031,82.18559036908549,83.77229309082031,1164900,83.77229309082031
2023-07-05,83.44925265094673,83.58226920786566,82.55613526975499,82.72715759277344,1883700,82.72715759277344
2023-07-06,82.4896263717489,82.58463716185473,81.11195179306763,81.43498992919922,1675000,81.43498992919922
2023-07-07,81.2727370886365,81.80723542726585,80.76687154929178,80.81459045410156,1346700,80.81459045410156
2023-07-10,80.69051104061182,80.96730689846292,79.37335132441781,79.52606201171875,1712000,79.52606201171875
2023-07-11,79.50697318528785,79.83148793594123,79.16336504812939,79.71694946289062,1953600,79.71694946289062
2023-07-12,79.91739121363207,81.39680821568679,79.73604045724099,81.08183288574219,1329900,81.08183288574219
2023-07-13,80.93867477496158,81.47317310796431,80.30872406935666,81.33000183105469,872800,81.33000183105469
2023-07-14,81.23455851574693,82.06494611437518,80.96730934340509,81.864501953125,901500,81.864501953125
2023-07-17,81.58771073784402,82.34173204320953,81.5304378584793,81.84541320800781,938900,81.84541320800781
2023-07-18,82.0076716995906,82.56126342165706,81.196377503869,81.53998565673828,955000,81.53998565673828
2023-07-19,81.73089112404476,82.33220914502262,81.18684599391885,82.14131164550781,1178700,82.14131164550781
2023-07-20,82.43718903736132,83.63027092945121,82.26538495362061,83.572998046875,957900,83.572998046875
2023-07-21,83.56345808155453,84.29839331813903,83.23893602241766,84.1170425415039,1456400,84.1170425415039
2023-07-24,83.97387632131974,85.09059918772596,83.79252554947823,84.72789764404297,1131400,84.72789764404297
2023-07-25,84.95697258832303,85.85416516848969,84.422466979252,85.73008728027344,1632400,85.73008728027344
2023-07-26,85.65373984521268,86.00689473436101,85.22423324332499,85.83509063720703,1186700,85.83509063720703
2023-07-27,85.82554710749044,86.33141272276761,85.44375940173573,85.49148559570312,1444500,85.49148559570312
2023-07-28,86.08325511144683,86.2550592113597,85.21468791688882,85.7396469116211,1006500,85.7396469116211
2023-07-31,85.739632432304,85.89234311644044,84.30793426880697,85.40557098388672,2362700,85.40557098388672
2023-08-01,85.3578395393793,85.74916655998572,83.99295374966749,84.04067993164062,1508800,84.04067993164062
2023-08-02,83.84980057165988,84.83289896361418,83.7161759717046,84.26976776123047,1132700,84.26976776123047
2023-08-03,84.12658723231853,84.57518717521144,83.84979136793793,84.15522003173828,1016300,84.15522003173828
2023-08-04,84.4033931392506,84.73745464221828,83.31530293987319,83.36302185058594,992600,83.36302185058594
2023-08-07,83.33438264715191,83.84979490442713,83.00986786404941,83.6302719116211,725300,83.6302719116211
2023-08-08,83.63027435888887,83.63027435888887,81.6545309558482,81.87405395507812,790300,81.87405395507812
2023-08-09,81.87404854410957,83.39165245942054,81.60679937210355,83.0098648071289,1006600,83.0098648071289
2023-08-10,83.10531221807541,83.44892038652408,82.14130000759477,82.21765899658203,755300,82.21765899658203
2023-08-11,82.43718783043194,82.6948903112731,82.03630678624346,82.49445343017578,1101800,82.49445343017578
2023-08-14,82.75216603009297,83.10532092968339,82.51354962599005,82.87625122070312,878600,82.87625122070312
2023-08-15,82.60899512464964,82.60899512464964,81.51135830090674,81.96949768066406,782000,81.96949768066406
2023-08-16,82.0840328871353,82.48490664890556,81.88359600625016,81.89314270019531,476600,81.89314270019531
2023-08-17,82.03630260138382,82.18902056890207,81.10093053731184,81.21546173095703,637700,81.21546173095703
2023-08-18,81.12001536489639,81.5304357936471,80.81458671666286,81.1009292602539,789500,81.1009292602539
2023-08-21,80.9100513872197,80.9100513872197,79.63107088880199,79.85060119628906,990300,79.85060119628906
2023-08-22,79.67877796127752,79.77422304867041,78.30434540044106,78.60022735595703,1140000,78.60022735595703
2023-08-23,78.8865946435415,79.10611768520096,77.7603247822577,77.93212890625,1161400,77.93212890625
2023-08-24,78.07528421081405,78.49524409733584,77.08263917377258,77.30216217041016,1441700,77.30216217041016
2023-08-25,77.83667161384476,78.18027980808277,76.949018325729,77.76985931396484,1411100,77.76985931396484
2023-08-28,77.90347243851639,78.4093379605208,77.84619955991668,78.26616668701172,1090100,78.26616668701172
2023-08-29,78.55252183839485,79.11565304736432,77.80803255308722,79.02975463867188,943200,79.02975463867188
2023-08-30,79.23972457595463,79.678785125025,78.85794419205801,79.14427947998047,702500,79.14427947998047
2023-08-31,79.23972190720797,79.33517428196139,78.19935801673867,78.342529296875,1394300,78.342529296875
2023-09-01,78.41888313497172,78.6384061057058,76.55767117939247,76.7962875366211,1460200,76.7962875366211
2023-09-05,76.64358478518892,77.1494503497382,76.10907913793433,76.8249282836914,1141500,76.8249282836914
2023-09-06,76.76765784709029,76.95854802780475,76.40496359093538,76.45268249511719,812900,76.45268249511719
2023-09-07,76.79628598414828,77.3307842832974,76.31905327933852,76.47177124023438,973000,76.47177124023438
2023-09-08,76.38586999359418,77.04445349463698,76.21406591862622,77.02536010742188,783400,77.02536010742188
2023-09-11,77.2162555758051,78.24707999899599,77.04445150527329,78.02754974365234,1039100,78.02754974365234
2023-09-12,78.02755243306608,78.14209091136628,76.78674440512505,77.05400085449219,763200,77.05400085449219
2023-09-13,76.79630009279276,77.092182093895,75.97545910715958,76.20452880859375,1090800,76.20452880859375
2023-09-14,76.38587869118098,76.82493198120393,76.0518171968151,76.71994018554688,1103800,76.71994018554688
2023-09-15,76.74857820705571,76.9585545107324,76.07090125984712,76.15680694580078,1796700,76.15680694580078
2023-09-18,76.43359412530978,76.53858590619018,75.54594097549861,76.28087615966797,1100100,76.28087615966797
2023-09-19,76.13771301346421,76.50996127394738,75.05916957348252,75.13552856445312,1377600,75.13552856445312
2023-09-20,75.46003606923627,75.64138683478787,74.88735825622332,74.98280334472656,1421300,74.98280334472656
2023-09-21,74.73465132200823,75.09734558932188,73.83745142466091,73.88517761230469,995700,73.88517761230469
2023-09-22,73.63701654137063,74.27650669397632,73.04524529570912,73.06433868408203,958800,73.06433868408203
2023-09-25,72.78754554347182,72.94980294076784,71.87125948098367,72.11941528320312,1378900,72.11941528320312
2023-09-26,71.52764805060582,72.49165297807417,71.45128906169921,72.04306030273438,1317200,72.04306030273438
2023-09-27,71.89988922620319,72.40575478567752,70.45864425491283,70.71634674072266,1427300,70.71634674072266
2023-09-28,71.01223050175346,71.49900991723221,70.73543464910844,71.25084686279297,1237000,71.25084686279297
2023-09-29,71.70899839479313,72.66346400129268,71.6040065955186,72.1957778930664,1661700,72.1957778930664
2023-10-02,71.8521634631624,72.04306093710984,70.92633074000094,71.31766510009766,2825400,71.31766510009766
2023-10-03,67.10847945374594,68.18703032978115,63.56741266411528,65.28545379638672,7564700,65.28545379638672
2023-10-04,65.43815454375566,66.13491758619385,63.07108410230969,65.29499053955078,3804500,65.29499053955078
2023-10-05,65.45724574992896,65.45724574992896,62.33613948642828,62.41249847412109,3350700,62.41249847412109
2023-10-06,62.37409421330837,62.37409421330837,59.76237351051795,61.98041915893555,4143900,61.98041915893555
2023-10-09,61.66355721768934,61.96121451803718,59.45511176320364,60.645751953125,5231600,60.645751953125
2023-10-10,61.34668717882699,61.730765574719456,60.348086279781015,60.693756103515625,3570500,60.693756103515625
2023-10-11,60.8281822739808,61.0778343294692,59.23426316229506,59.55112838745117,2864400,59.55112838745117
2023-10-12,59.4070983308051,59.531924359089565,56.7761734022568,57.189056396484375,4390400,57.189056396484375
2023-10-13,57.34268904938502,58.61014267460946,57.13144555756656,58.5621337890625,3939300,58.5621337890625
2023-10-16,58.85018697304072,59.3590877201641,58.13004274771083,59.05182647705078,3586300,59.05182647705078
2023-10-17,58.70615565323827,59.78156998564044,58.70615565323827,59.39749526977539,2704500,59.39749526977539
2023-10-18,59.42629988171765,60.06002664276137,58.7445642390336,58.77336883544922,2525100,58.77336883544922
2023-10-19,58.6773536156958,58.88859709948158,57.55392668983136,57.64994812011719,2564400,57.64994812011719
2023-10-20,57.803579041264825,58.11084029406434,57.189056535665806,57.3810920715332,2688700,57.3810920715332
2023-10-23,57.32348732322438,59.04223260762125,57.08343922192348,58.41810607910156,4475300,58.41810607910156
2023-10-24,58.68695339415942,60.28087249399376,58.68695339415942,59.81998062133789,3593900,59.81998062133789
2023-10-25,59.752765598867725,62.07643283880152,59.62793957592328,61.817176818847656,3439300,61.817176818847656
2023-10-26,61.7019576699752,62.85418547021042,61.45230562717282,61.86518859863281,3532700,61.86518859863281
2023-10-27,61.71155714295028,62.172452679552286,60.05042853281514,60.4729118347168,1888500,60.4729118347168
2023-10-30,60.8377831667281,61.50031818109691,60.22326069641253,61.24106216430664,2123600,61.24106216430664
2023-10-31,61.59633698285724,61.92279884573342,60.76096705176129,61.35628890991211,6000200,61.35628890991211
2023-11-01,61.50031698678196,62.42210067435461,61.03942148015285,61.55792617797852,1651600,61.55792617797852
2023-11-02,62.028422502272726,62.74856674338043,61.9036001377277,62.23966598510742,1738600,62.23966598510742
2023-11-03,63.08462850806984,63.28627532913361,62.258862578986445,62.37408828735352,1341600,62.37408828735352
2023-11-06,62.01881893064426,62.76777509983661,61.93240513747943,62.1340446472168,968600,62.1340446472168
2023-11-07,62.018819292298645,62.50851943347993,61.72116201319146,62.191654205322266,907400,62.191654205322266
2023-11-08,62.36448455611728,62.767770874127706,61.84598718066285,62.70055770874024,1316300,62.70055770874024
2023-11-09,62.90220293639099,63.06543387782152,61.7403710712955,61.98041915893555,1064800,61.98041915893555
2023-11-10,62.04763384597093,62.38369971173821,61.52912908492151,62.34529113769531,902400,62.34529113769531
2023-11-13,62.34529489313879,63.15185301956426,62.34529489313879,62.50852584838867,1160000,62.50852584838867
2023-11-14,63.180660107543424,63.737566107845765,62.90220344454909,63.670352935791016,1622000,63.670352935791016
2023-11-15,63.98722398812304,64.14085829574734,63.13265329760208,63.24787902832031,1540100,63.24787902832031
2023-11-16,63.18065818712245,63.57433323270956,62.95981072812033,63.41110229492188,1246400,63.41110229492188
2023-11-17,63.96801677692015,63.96801677692015,62.89259871132676,63.71836471557617,1765200,63.71836471557617
2023-11-20,63.62234374415511,63.62234374415511,62.55652970685984,63.01741790771485,1693600,63.01741790771485
2023-11-21,62.9310047384732,63.13264424404869,62.42210398739898,62.77737045288086,1900800,62.77737045288086
2023-11-22,63.2190666248504,63.79518794841192,63.15185344719315,63.51673126220703,1302500,63.51673126220703
2023-11-24,63.19986316676732,64.30408588651972,63.19986316676732,63.79518508911133,553500,63.79518508911133
2023-11-27,63.64154305300041,63.64154305300041,62.33568096805977,62.354888916015625,1326500,62.354888916015625
2023-11-28,62.32608992517557,62.84458735564407,61.932407539216975,62.4221076965332,1663700,62.4221076965332
2023-11-29,62.758166469129975,62.79657503847116,61.47150503609968,61.72115707397461,1650900,61.72115707397461
2023-11-30,61.72115889124143,62.29727279695074,61.13544101149267,62.249267578125,2406100,62.249267578125
2023-12-01,62.32608085011271,63.37268685918546,62.00921565765231,63.36308288574219,1608400,63.36308288574219
2023-12-04,63.161452141285125,64.3424919650048,63.12304356788024,64.1312484741211,2029300,64.1312484741211
2023-12-05,64.27527902108669,64.71696662828097,63.7183656932688,63.99682235717773,1306900,63.99682235717773
2023-12-06,64.03522033616225,65.34108231776426,63.84317750022952,65.03382110595703,1343400,65.03382110595703
2023-12-07,65.1010342671122,65.57152639519839,64.45769992384398,65.03382110595703,1084300,65.03382110595703
2023-12-08,65.20665324078804,65.29306701904335,64.13123538205139,64.4192886352539,991900,64.4192886352539
2023-12-11,64.45770065632422,65.41789286984383,64.43850003535533,65.14904022216797,1079900,65.14904022216797
2023-12-12,65.27386992059998,65.27386992059998,64.4577006782821,64.98580932617188,1273600,64.98580932617188
2023-12-13,64.88978655326987,67.12703599673452,64.79376880444542,67.01181030273438,1345300,67.01181030273438
2023-12-14,67.29986564871513,67.67434733447688,65.52351160015071,65.56192016601562,2475700,65.56192016601562
2023-12-15,64.90899091972761,65.47550812415886,63.843176997175775,64.2176513671875,3956900,64.2176513671875
2023-12-18,64.43851914488702,65.08184636056227,63.862405111063104,65.01463317871094,1623500,65.01463317871094
2023-12-19,65.14905062088864,65.68676332775222,65.02422825045434,65.49472045898438,1481500,65.49472045898438
2023-12-20,65.04343336451505,65.35069465006784,64.2656798379536,64.27528381347656,1093000,64.27528381347656
2023-12-21,64.59212982357624,65.36028655848109,64.43850287200661,65.16825103759766,990200,65.16825103759766
2023-12-22,65.47551226642248,66.3780880053973,65.1010378727199,65.16825103759766,1003100,65.16825103759766
2023-12-26,64.99541713991597,65.91720084059241,64.75536907227045,65.44670867919922,2017000,65.44670867919922
2023-12-27,65.39870268744365,65.60994618024509,65.15865459574864,65.49472045898438,1266200,65.49472045898438
2023-12-28,65.55268428945666,66.1806775948634,65.4947181714746,65.9198226928711,918900,65.9198226928711
2023-12-29,65.60098812154708,66.31593053657211,65.60098812154708,66.10337829589844,1170800,66.10337829589844
2024-01-02,65.88117374726343,67.61056745750635,65.88117374726343,67.18546295166016,1818900,67.18546295166016
2024-01-03,67.05986716379219,67.69751655072989,66.39322734788544,66.6250991821289,1765400,66.6250991821289
2024-01-04,66.32560157848114,66.55747342608866,65.62997866458545,65.74591827392578,2409900,65.74591827392578
2024-01-05,65.99711168425596,66.13237088034113,64.52858011058548,64.96334075927734,1190400,64.96334075927734
2024-01-08,64.8957054923736,65.24351692937391,64.49959141588988,64.94401550292969,1846600,64.94401550292969
2024-01-09,64.45128543730759,65.42709021721849,64.19043052877502,65.34013366699219,1970200,65.34013366699219
2024-01-10,64.52858171230953,65.0696185100798,63.38853462338393,64.02618408203125,2201700,64.02618408203125
2024-01-11,64.00685422203163,64.06482033503673,63.30156790582269,63.49480056762695,1380100,63.49480056762695
2024-01-12,64.02617678031646,64.28703904311595,63.75565841228196,64.10346984863281,1514600,64.10346984863281
2024-01-16,63.813636722042766,64.09381121648767,62.58663312577105,62.97309112548828,2728900,62.97309112548828
2024-01-17,62.63494249809306,63.30157498542449,62.36442411238488,62.818504333496094,1603800,62.818504333496094
2024-01-18,62.2388150754052,62.90545487007945,61.71710162220582,62.72188568115234,1837700,62.72188568115234
2024-01-19,62.82816696166992,63.16631493923701,62.0745779342138,62.82816696166992,2299900,62.82816696166992
2024-01-22,62.17118358353207,62.89578946998599,61.90066523196084,62.42238235473633,2378900,62.42238235473633
2024-01-23,62.68324172116325,64.64451465270318,62.68324172116325,64.53823852539062,2274700,64.53823852539062
2024-01-24,64.66384035487137,64.73146995401022,63.55277633666993,63.55277633666992,2485600,63.55277633666992
2024-01-25,64.25805120988066,67.16613082120821,64.25805120988066,66.27728271484375,4464200,66.27728271484375
2024-01-26,66.50916387054363,66.9825784169703,65.74591872645411,66.74104309082031,2894400,66.74104309082031
2024-01-29,66.93426868492118,67.01156175867193,65.96812737625645,66.25797271728516,2598400,66.25797271728516
2024-01-30,65.88117178406704,67.50428931948105,65.84252525095332,66.92459869384766,2967900,66.92459869384766
2024-01-31,66.57680172788024,66.799010103107,65.63964347052169,65.8521957397461,2795500,65.8521957397461
2024-02-01,65.39810133672204,66.38356213477881,64.77977154753493,66.36424255371094,1855200,66.36424255371094
2024-02-02,66.2676277366758,66.60578308602264,64.83774275109737,65.38844299316406,2293900,65.38844299316406
2024-02-05,65.01164522589877,65.1082578761327,63.610735998752446,63.620399475097656,1523700,63.620399475097656
2024-02-06,63.688040634216186,65.59134041089462,63.63007450776273,64.77978515625,1719100,64.77978515625
2024-02-07,65.05995016697202,65.07927712034613,63.30157333465043,63.398193359375,1544100,63.398193359375
2024-02-08,63.36920728204,63.96821756954164,63.05038624019778,63.59142303466797,1937000,63.59142303466797
2024-02-09,63.76532207196177,63.76532207196177,62.15186796434989,62.46103286743164,2111100,62.46103286743164
2024-02-12,62.4127255383803,63.85227398916664,62.31611288409244,63.83295440673828,1850500,63.83295440673828
2024-02-13,63.717008526601006,64.16143996050648,62.15186451642165,63.137325286865234,1990400,63.137325286865234
2024-02-14,63.340216655013975,63.340216655013975,62.25814319532827,62.78951644897461,1325200,62.78951644897461
2024-02-15,63.28224876829803,64.17109690560453,62.73154857767635,63.33055877685547,2016000,63.33055877685547
2024-02-16,63.05038640776056,64.48027147439569,62.66392839450902,63.91025161743164,1746600,63.91025161743164
2024-02-20,63.997192722194136,65.89082863991098,63.997192722194136,65.75556945800781,2326500,65.75556945800781
2024-02-21,66.0454139914807,66.0454139914807,64.66383176035099,65.24351501464844,2292200,65.24351501464844
2024-02-22,64.81841711758959,65.53336699601321,63.49480823694984,65.49472045898438,2089000,65.49472045898438
2024-02-23,65.36912476143608,66.38356871722085,65.18555555326269,65.77490234375,2966100,65.77490234375
2024-02-26,65.66862922355708,66.18068296346466,65.06961892854945,65.58167266845703,1319900,65.58167266845703
2024-02-27,65.6976159490342,65.79422861592093,65.24352830648522,65.54302978515625,1053900,65.54302978515625
2024-02-28,65.35945924766384,65.92947906633128,65.05029433204847,65.43675231933594,1397000,65.43675231933594
2024-02-29,65.92947036003801,66.71204970799698,65.34012366574201,66.52848052978516,2743500,66.52848052978516
2024-03-01,66.32560832107062,66.39323792395935,65.2725103662903,65.51404571533203,1325900,65.51404571533203
2024-03-04,65.38844567988947,66.20966433831796,65.24352300579659,66.16136169433594,1233500,66.16136169433594
2024-03-05,66.4028964159166,66.81833747991764,66.03575799545274,66.567138671875,1841900,66.567138671875
2024-03-06,67.07918934635424,67.14681894109228,65.5237012963064,65.99710845947266,1558200,65.99710845947266
2024-03-07,66.3449125751193,66.35457605074866,65.37877140220279,66.07439422607422,1232300,66.07439422607422
2024-03-08,65.9584638992693,66.58645722411602,65.6686259293138,66.25797271728516,957600,66.25797271728516
2024-03-11,66.23864331400682,67.62988910578343,66.23864331400682,67.52361297607422,1554600,67.52361297607422
2024-03-12,67.22410940591995,68.11295757974715,66.59611612423257,66.6250991821289,1471500,66.6250991821289
2024-03-13,66.94392752079335,67.76514610200998,66.25796812372664,66.34491729736328,2311100,66.34491729736328
2024-03-14,66.07440543594184,66.52849304362248,65.39810944859201,65.67829132080078,1987000,65.67829132080078
2024-03-15,65.2048781354642,66.11305337000272,64.75079051819493,65.86185455322266,3794600,65.86185455322266
2024-03-18,65.85219939582024,66.82799687351046,65.65896669894566,65.81355285644531,2081300,65.81355285644531
2024-03-19,65.77491028283528,67.21445894874546,65.40777182217458,67.05021667480469,1846700,67.05021667480469
2024-03-20,67.2917335387276,68.1515985848985,66.02608360171065,66.40288543701172,2096100,66.40288543701172
2024-03-21,66.28695683585703,67.34971081814707,65.63964391777085,67.12750244140625,1731500,67.12750244140625
2024-03-22,67.35936546983896,67.74582342305784,67.14681322701496,67.65886688232422,1577300,67.65886688232422
2024-03-25,67.9004221265622,68.53807904233757,67.18547949429929,67.57193756103516,4910700,67.57193756103516
2024-03-26,72.31566604941841,75.11747695340621,71.25291222268436,74.6827163696289,6318400,74.6827163696289
2024-03-27,75.11749094667913,75.1368105306599,72.66349100099833,73.45572662353516,4352500,73.45572662353516
2024-03-28,74.18998522842658,74.83729807729353,73.88082033261904,74.20930480957031,2583900,74.20930480957031
2024-04-01,73.22384261014592,74.3638895237542,72.73110853305043,74.02574157714844,2306900,74.02574157714844
2024-04-02,74.95324815308808,75.75514724747114,74.32525479759443,75.61988067626953,3759000,75.61988067626953
2024-04-03,75.35902900070441,75.57158128751412,73.40742662113817,73.66828155517578,1934400,73.66828155517578
2024-04-04,73.7648796036898,74.43151939457121,73.1562132974975,73.8228530883789,1856200,73.8228530883789
2024-04-05,73.77428534214707,73.81314547990303,72.50163991903281,73.31768798828125,1616900,73.31768798828125
2024-04-08,73.24968511416849,74.16287241649471,73.22054186360036,73.4731216430664,1279400,73.4731216430664
2024-04-09,73.72570883434592,73.86171561153948,73.11367833697493,73.4731216430664,1045800,73.4731216430664
2024-04-10,72.86109645358638,73.23025667403151,72.10334223635932,72.64736938476562,1235100,72.64736938476562
2024-04-11,72.76394444541509,72.76394444541509,70.82098201649514,71.3261489868164,1719000,71.3261489868164
2024-04-12,71.10271176681164,71.10271176681164,69.32489938279939,69.71349334716797,1708000,69.71349334716797
2024-04-15,70.0146632091571,70.51983026879844,69.35405557004779,69.8592300415039,1912500,69.8592300415039
2024-04-16,70.03407286590777,70.40324044815529,69.63576944673015,69.75234985351562,1217900,69.75234985351562
2024-04-17,70.16038423704231,70.32553428759891,69.59692327557504,70.20895385742188,1158800,70.20895385742188
2024-04-18,70.68497237733727,70.8695487605779,70.30609531198392,70.62667846679688,1330400,70.62667846679688
2024-04-19,71.10270495790954,72.06446918346643,70.6558245358143,71.81188201904297,1726900,71.81188201904297
2024-04-22,72.09362226487978,73.21082717841678,71.8021823386182,72.5599365234375,1715000,72.5599365234375
2024-04-23,72.44336006246493,73.07482438824078,72.28792690899891,72.88052368164062,1701200,72.88052368164062
2024-04-24,72.09361537627086,73.83256752718394,71.578731551774,73.68684387207031,1824600,73.68684387207031
2024-04-25,73.8228580834191,74.70690957824515,73.00681739140776,73.40512084960938,1732000,73.40512084960938
2024-04-26,73.22054812208415,73.88115570140938,73.0068210505651,73.57028198242188,1248000,73.57028198242188
2024-04-29,73.71599272870914,74.17259009062161,73.60912920095033,74.11430358886719,1386200,74.11430358886719
2024-04-30,73.90057076864154,74.28916471092325,73.11367340908554,73.89085388183594,3019000,73.89085388183594
2024-05-01,73.53141529567733,73.60912815964602,71.92846981378457,72.4239273071289,1767000,72.4239273071289
2024-05-02,72.73481175468552,73.57028631336237,72.28793122057236,72.99710845947266,1479300,72.99710845947266
2024-05-03,73.16224914100377,73.9782972292557,72.87080921876733,73.29825592041016,1584400,73.29825592041016
2024-05-06,73.36625781292936,73.78399503024241,72.84166448124643,73.59941864013672,1637400,73.59941864013672
2024-05-07,74.06572516031865,74.39603262490382,73.59941833148636,74.00743865966797,1510100,74.00743865966797
2024-05-08,74.15316556243351,74.64861566323452,73.35655123421655,73.40512084960938,1331100,73.40512084960938
2024-05-09,73.48283065990816,73.61883742253427,72.04504276591429,73.1913833618164,1097800,73.1913833618164
2024-05-10,73.19138956573553,74.0365808723924,73.10395981598481,73.9782943725586,793100,73.9782943725586
2024-05-13,74.09486275750433,74.57089384921036,73.5119755600292,73.5799789428711,879900,73.5799789428711
2024-05-14,73.80342794487726,74.12401851969068,72.19076559531638,72.47249603271484,1037400,72.47249603271484
2024-05-15,72.64736398426129,73.00681470163096,72.21020040276352,72.50164031982422,1029400,72.50164031982422
2024-05-16,72.85136893133502,73.28853989333129,72.34620199752732,72.35591888427734,1416500,72.35591888427734
2024-05-17,72.55992999304306,72.55992999304306,71.78274210266501,71.89932250976562,1279500,71.89932250976562
2024-05-20,71.82160880856387,72.46278257673887,71.28729115857325,72.15190887451172,2137400,72.15190887451172
2024-05-21,72.21020087200952,72.52107456598252,71.3650095422329,71.88961029052734,1450600,71.88961029052734
2024-05-22,71.50101870569499,71.89932957691319,71.16100174966344,71.53987884521484,1804300,71.53987884521484
2024-05-23,70.90841743669633,71.82161222307175,70.00493953855006,70.09237670898438,1346900,70.09237670898438
2024-05-24,70.30609820589696,70.57811176023812,69.82035759834103,70.1506576538086,1053800,70.1506576538086
2024-05-28,69.82035591853973,70.10208635356166,68.97516461347395,69.27632141113281,1561700,69.27632141113281
2024-05-29,68.89745244072091,69.26662008055146,68.0911211779285,68.17855834960938,1314900,68.17855834960938
2024-05-30,68.37284044412598,69.11116819100803,68.0619667736198,68.7031478881836,1783200,68.7031478881836
2024-05-31,68.69343873040144,70.47125120792532,68.63515222681502,70.1603775024414,4091100,70.1603775024414
2024-06-03,70.19922873485208,70.77239904556181,69.26660773673623,69.84949493408203,1624700,69.84949493408203
2024-06-04,68.97516663751315,69.16945991683708,66.507603448669,66.90591430664062,3345700,66.90591430664062
2024-06-05,66.68247567786119,66.70190945443012,65.48755783236561,66.36188507080078,2665600,66.36188507080078
2024-06-06,66.62418612360898,67.4985207338559,66.32302189508218,67.24593353271484,2188900,67.24593353271484
2024-06-07,66.8767710930713,67.32365902655654,66.54647099906796,66.62419128417969,1250300,66.62419128417969
2024-06-10,66.42016681729002,66.44931006498885,65.33210529505291,66.1675796508789,1251700,66.1675796508789
2024-06-11,66.04129303686048,67.2653539715721,65.8567092432301,67.22649383544922,1451600,67.22649383544922
2024-06-12,67.91624178767667,68.30482826692402,66.69217362497398,67.0904769897461,2473000,67.0904769897461
2024-06-13,67.0127768270076,67.0127768270076,65.62355840645405,65.98300170898438,1460000,65.98300170898438
2024-06-14,65.82756909079873,65.99271911823024,65.10866765642612,65.8567123413086,1374600,65.8567123413086
2024-06-17,65.59441014237817,67.54708951243107,65.57498377875284,67.49851989746094,1945400,67.49851989746094
2024-06-18,67.07106323178967,67.69281060957343,66.28416582811629,66.6727523803711,2034500,66.6727523803711
2024-06-20,66.41045069607985,67.12934465758208,66.18700677479266,66.60474395751953,1805500,66.60474395751953
2024-06-21,66.84761097854953,67.76080556874703,66.28415758314172,66.72132110595703,2280600,66.72132110595703
2024-06-24,66.6338897302483,68.12997161782005,66.3230160530784,67.22649383544922,2245200,67.22649383544922
2024-06-25,66.91561955539186,67.77052771876649,66.46873911172469,66.58531951904297,2037500,66.58531951904297
2024-06-26,65.30297158988171,66.05100890010692,64.97266410679838,65.7401351928711,3171300,65.7401351928711
2024-06-27,69.64548134701613,70.05350162383183,68.07167932125377,68.58656311035156,5768100,68.58656311035156
2024-06-28,68.78087858774622,69.0334583877088,68.05226761716338,68.91688537597656,4136000,68.91688537597656
2024-07-01,68.82944322639293,70.23809544804273,67.93568227929937,67.95510864257812,2432800,67.95510864257812
2024-07-02,67.89681475604168,68.6545688423252,67.63451811533305,68.23683166503906,1784700,68.23683166503906
2024-07-03,68.3534193532182,68.60600654617339,67.54708816035472,67.87739562988281,1059600,67.87739562988281
2024-07-05,67.92596052433365,68.90715856540503,67.43051047218604,68.85858154296875,1551900,68.85858154296875
2024-07-08,69.07359359790885,69.07359359790885,67.75427772981867,67.86177825927734,1922100,67.86177825927734
2024-07-09,67.82267707098424,68.65335676484054,67.43176678681847,68.47744750976562,1541300,68.47744750976562
2024-07-10,68.8194953914398,70.04108544364227,68.55563522080142,69.70881652832031,2105300,69.70881652832031
2024-07-11,69.76745002090234,70.14858551828442,69.22994741895637,69.5719985961914,1905600,69.5719985961914
2024-07-12,70.1681238149269,70.56880140774575,69.6794878759817,69.8260726928711,2085700,69.8260726928711
2024-07-15,69.75766946644445,71.91743959235892,69.54267589937051,71.0965347290039,4089900,71.0965347290039
2024-07-16,71.34086057947395,71.73177089576579,70.61768134073024,71.6535873413086,1599700,71.6535873413086
2024-07-17,71.89790729846499,73.5788164847139,71.87836513732005,72.75790405273438,2931600,72.75790405273438
2024-07-18,72.07380626909469,73.67653166965,72.0249396892268,72.54290008544922,1740400,72.54290008544922
2024-07-19,72.58199527455683,72.94358863416144,71.41904655062895,71.91744995117188,1616600,71.91744995117188
2024-07-22,72.03472048588216,72.10312922978923,70.92063096739918,71.7610855102539,1228400,71.7610855102539
2024-07-23,71.65357966862595,72.65039378523662,71.40926167910446,72.25949096679688,1353300,72.25949096679688
2024-07-24,72.18130678000941,72.71880933458301,71.3213101486849,72.54290008544922,2182400,72.54290008544922
2024-07-25,72.66018043471668,74.70268303712184,72.59177168474106,73.07063293457031,1785200,73.07063293457031
2024-07-26,73.2172220874353,74.48767876764315,73.197679926568,74.06745147705078,2667700,74.06745147705078
2024-07-29,74.0674444402587,75.07403338916417,73.74494289663068,74.38994598388672,1621000,74.38994598388672
2024-07-30,74.05767155098783,75.4551708202469,74.05767155098783,75.1229019165039,1701600,75.1229019165039
2024-07-31,75.16199413847984,76.12949134418356,74.64403370828101,75.25971984863281,2291000,75.25971984863281
2024-08-01,75.37699479812217,76.37381652089157,74.59518158747376,76.28585815429688,1434600,76.28585815429688
2024-08-02,76.80381147557719,77.50744858709092,75.11313490218481,77.0285873413086,2183200,77.0285873413086
2024-08-05,76.97971412575262,77.56608330552591,74.24335692945058,74.55608367919922,2940400,74.55608367919922
2024-08-06,74.85903863193518,76.33472153666226,74.85903863193518,75.14244842529297,2682900,75.14244842529297
2024-08-07,75.22063864405524,76.90154793648026,74.90791185402233,75.8460922241211,1568000,75.8460922241211
2024-08-08,75.38676210368922,76.27608320988217,75.23040245951964,76.10017395019531,1398100,76.10017395019531
2024-08-09,76.14903325182244,76.19789983473409,75.09357769127817,75.8656234741211,1158600,75.8656234741211
2024-08-12,75.72881499210904,75.72881499210904,74.65381714419624,74.74177551269531,1098100,74.74177551269531
2024-08-13,74.92744714507582,75.67017599928907,74.66358696918108,75.56267547607422,761800,75.56267547607422
2024-08-14,76.01222396069302,76.98949607632238,75.54313752054786,76.1881332397461,1422500,76.1881332397461
2024-08-15,76.40313060202949,76.40313060202949,74.79063019804921,75.09358215332031,1419400,75.09358215332031
2024-08-16,75.06425660642279,75.70925967670624,74.8394882317434,75.42584991455078,1566100,75.42584991455078
2024-08-19,75.55290345080262,76.79404318963942,75.42586076232091,76.38359069824219,1540500,76.38359069824219
2024-08-20,76.20767567149909,76.55948674043705,75.95358285771637,76.32494354248047,978300,76.32494354248047
2024-08-21,76.55949067138299,77.4585866457027,76.17835515913644,76.999267578125,987700,76.999267578125
2024-08-22,77.16540720713358,77.38040827069061,76.37381916039611,76.92108917236328,844300,76.92108917236328
2024-08-23,77.09698793345265,77.57584912856902,76.80380334934418,77.49767303466797,1014200,77.49767303466797
2024-08-26,77.55631243702643,78.27949168455477,77.34131138765456,77.3706283569336,949000,77.3706283569336
2024-08-27,77.41949586831373,77.98631546779662,76.87222588591332,77.45858764648438,1044400,77.45858764648438
2024-08-28,77.25335944706053,78.32835722355468,76.96017484620117,77.88858032226562,1521300,77.88858032226562
2024-08-29,78.17199071638241,78.26971643208951,76.95040063005817,77.23381042480469,974800,77.23381042480469
2024-08-30,77.439036629569,78.2892660134241,77.439036629569,78.2110824584961,1902900,78.2110824584961
2024-09-03,78.22086041933288,80.01903751918228,78.16222647877089,79.3544921875,2563000,79.3544921875
2024-09-04,79.37404731458757,80.80086379659284,79.1101796517539,80.20472717285156,3501100,80.20472717285156
2024-09-05,80.73244453480895,81.58267390128549,80.34153422415328,81.15267181396484,2531800,81.15267181396484
2024-09-06,81.19176626280465,81.68040230320767,80.77153896981828,80.99630737304688,1445000,80.99630737304688
2024-09-09,81.1526778306393,81.9344910539204,80.44904071049012,81.34812927246094,2787900,81.34812927246094
2024-09-10,81.6120003634846,82.57949771650831,81.38722448551196,81.88563537597656,1781000,81.88563537597656
2024-09-11,81.66085337371607,81.66085337371607,80.33176273615103,80.71289825439453,1160300,80.71289825439453
2024-09-12,80.47835369037745,81.37744220776398,80.00926727086892,81.27971649169922,1408400,81.27971649169922
2024-09-13,81.31880538014786,82.0615342166412,81.12335395496254,81.85630798339844,1210900,81.85630798339844
2024-09-16,82.57949480555801,83.54699212447717,82.28631018479723,82.83358764648438,1148900,82.83358764648438
2024-09-17,82.8042665203908,83.30266991228116,82.46221532800287,82.5794906616211,1251500,82.5794906616211
2024-09-18,82.33516634571448,82.78471057288283,81.63152930980102,82.01266479492188,1355400,82.01266479492188
2024-09-19,82.07132288582082,82.09086504924228,80.66404852762963,81.44586181640625,1735300,81.44586181640625
2024-09-20,81.32858139468433,81.3969901401134,80.68357826121527,81.10380554199219,4289000,81.10380554199219
2024-09-23,81.0353953756073,81.85630776235557,80.78131001475128,81.29926300048828,1554300,81.29926300048828
2024-09-24,81.15267092314095,81.90516711169779,80.84971897730551,81.85630798339844,1939000,81.85630798339844
2024-09-25,82.12995038680828,82.12995038680828,81.23086182007467,81.48494720458984,1246800,81.48494720458984
2024-09-26,81.21130260464514,81.6999386100353,80.8985758594352,81.35789489746094,1613000,81.35789489746094
2024-09-27,81.69994783253553,82.37426798201093,81.17221999242363,81.34812927246094,2037400,81.34812927246094
2024-09-30,81.26016885025844,81.32857759248932,80.05812100135128,80.42948913574219,3214700,80.42948913574219
2024-10-01,81.42630629800675,82.8824395539243,79.7356223835299,82.17880249023438,4415900,82.17880249023438
2024-10-02,81.13312993329495,81.62176600420517,79.41313633200718,80.17540740966797,3608800,80.17540740966797
2024-10-03,79.73562402159192,79.82358238435714,78.54335836806158,79.0515365600586,2423100,79.0515365600586
2024-10-04,78.39676519206029,78.96358477156964,78.04494665691614,78.77790069580078,1841400,78.77790069580078
2024-10-07,78.50283578505618,78.63054386376845,77.69726830457049,77.98216247558594,1806100,77.98216247558594
2024-10-08,78.19829742284413,78.31618700385752,77.70710207785761,78.22776794433594,1408900,78.22776794433594
2024-10-09,78.41441426930777,78.7091344355886,77.83480743601271,78.30635070800781,1360600,78.30635070800781
2024-10-10,78.53230816634405,78.64037173360434,78.11969841178403,78.3751220703125,1059600,78.3751220703125
2024-10-11,78.61089556531635,79.01367932457148,78.39477592076626,78.76808166503906,1550400,78.76808166503906
2024-10-14,78.92526063545775,79.65223510747548,78.74843751501894,79.62276458740234,1416400,79.62276458740234
2024-10-15,79.7504692468358,81.08652106309339,79.7504692468358,80.05500793457031,1224100,80.05500793457031
2024-10-16,79.60311623571326,80.2318456763212,79.26910699947297,79.68170928955078,1098100,79.68170928955078
2024-10-17,79.62275414521596,79.84869976617539,78.59124110766,78.61088562011719,1559400,78.61088562011719
2024-10-18,78.76808166503906,79.16103941930008,78.52248400550664,78.76808166503906,1526900,78.76808166503906
2024-10-21,78.64037227988167,78.69931331878016,76.60682399238235,76.68540954589844,1961600,76.68540954589844
2024-10-22,76.55769757421369,77.67762222666742,74.93675163143742,77.47132110595703,3127700,77.47132110595703
2024-10-23,76.70506619591637,78.05093663248896,76.50858356262565,77.97235107421875,1884300,77.97235107421875
2024-10-24,78.03128544458453,78.12952300530701,77.34361502448175,77.38290405273438,1580300,77.38290405273438
2024-10-25,77.58921761521282,77.61868813580189,76.31210675934929,76.48893737792969,1129200,76.48893737792969
2024-10-28,76.97030522056555,77.54991959615846,76.80330061041256,76.9506607055664,1088900,76.9506607055664
2024-10-29,76.58716674314033,77.35343017658045,76.09597146580231,76.1156234741211,1201600,76.1156234741211
2024-10-30,76.16473642754805,76.95065184787227,75.92896479946874,76.56752014160156,1205000,76.56752014160156
2024-10-31,76.57734185852266,77.38290182533231,76.49875630923397,76.86223602294922,1917500,76.86223602294922
2024-11-01,77.09801620239584,77.55973348027273,76.68540646156504,77.3632583618164,1517300,77.3632583618164
2024-11-04,77.17660468747582,77.62850347314557,76.675590867847,76.80329895019531,1625300,76.80329895019531
2024-11-05,76.82294548077742,77.4909714195253,76.26298311263918,77.44185638427734,1369600,77.44185638427734
2024-11-06,77.6088566060044,77.7955132165093,74.9367530021347,75.31006622314453,2015700,75.31006622314453
2024-11-07,75.4476033064721,75.9289726160773,74.80904789860234,74.99569702148438,1947000,74.99569702148438
2024-11-08,74.69115318463275,76.60681927640519,74.51432258377753,76.12544250488281,1391500,76.12544250488281
2024-11-11,75.92896948904009,76.43980929727019,75.29041410746842,75.67354583740234,1590900,75.67354583740234
2024-11-12,75.9486173146508,76.10580341329577,74.63221746620486,75.24129486083984,1413100,75.24129486083984
2024-11-13,75.15288275237664,75.329713364537,74.2294331672008,74.50450134277344,1551800,74.50450134277344
2024-11-14,74.40626035338028,74.75992156141692,73.48281830576929,73.60070037841797,1190400,73.60070037841797
2024-11-15,73.38456793647512,73.42386445619348,71.23313782096983,72.66742706298828,3138100,72.66742706298828
2024-11-18,72.80497080233064,73.43370021122442,72.48078009288817,73.30599212646484,1855600,73.30599212646484
2024-11-19,73.2961628944883,74.25890148038827,72.61831098550587,73.98383331298828,1960200,73.98383331298828
2024-11-20,74.31784807586588,75.89949749224068,73.86594931333669,75.77178192138672,2118100,75.77178192138672
2024-11-21,75.78161278788484,76.8917115043412,75.60478217424132,76.57734680175781,2024300,76.57734680175781
2024-11-22,77.02924550154393,77.40255120689221,75.90931339540913,76.21385955810547,1359000,76.21385955810547
2024-11-25,76.14509681051815,77.07836487399284,75.85037663518646,75.91914367675781,2418200,75.91914367675781
2024-11-26,76.24333658065694,76.72470588560964,75.67354822252359,76.43981170654297,1239400,76.43981170654297
2024-11-27,77.01941719469076,77.43201940853545,76.2826243149489,76.42015838623047,1156700,76.42015838623047
2024-11-29,76.66577146919023,77.31414543665672,76.21387264458117,77.02925872802734,839300,77.02925872802734
2024-12-02,77.00959660108916,77.06853763719491,75.98790950333292,76.98995208740234,1771400,76.98995208740234
2024-12-03,76.98995139569693,77.16678199747076,76.17456542668181,76.61663818359375,1382700,76.61663818359375
2024-12-04,75.99773625977117,76.39069399280386,75.60477852673849,76.15491485595703,2222500,76.15491485595703
2024-12-05,75.78160935106403,76.95065654908052,75.69319779577475,76.76399993896484,1761400,76.76399993896484
2024-12-06,76.91135861464295,77.44185042177898,75.93879404908286,76.13526916503906,1557500,76.13526916503906
2024-12-09,77.35343150667069,78.57160121184789,77.10783386377862,78.56177520751953,2782900,78.56177520751953
2024-12-10,78.59124547022171,80.75250172263472,78.21793975245444,80.49708557128906,2989600,80.49708557128906
2024-12-11,80.42832080214303,80.68373696070019,79.47540072470431,79.92729949951172,1529700,79.92729949951172
2024-12-12,80.231841339495,80.43814247338258,79.2789212246007,79.97642517089844,1360700,79.97642517089844
2024-12-13,79.9764259834936,79.9764259834936,78.71895966242583,79.14138793945312,1467700,79.14138793945312
2024-12-16,79.14137908445367,79.60310383501326,78.73860286261223,78.75824737548828,1519800,78.75824737548828
2024-12-17,78.39476868791444,79.69152391080264,78.03128148712601,78.89578247070312,2602500,78.89578247070312
2024-12-18,77.96252026382163,78.80737679728651,77.74639312804517,77.77586364746094,1697200,77.77586364746094
2024-12-19,77.03906662517794,77.79551156056282,76.58716786282571,76.86223602294922,1411300,76.86223602294922
2024-12-20,77.0390668558713,77.88392334737783,76.73452817697193,77.47132110595703,3353300,77.47132110595703
2024-12-23,76.87206284656597,77.65797830819116,75.91914278523515,76.7541732788086,1320100,76.7541732788086
2024-12-24,76.66575556904857,76.85241216258375,76.09596727986889,76.65592956542969,538500,76.65592956542969
2024-12-26,76.37104597215911,77.15696147926691,76.31210493239203,76.45946502685547,2102300,76.45946502685547
2024-12-27,76.04686804036749,76.65594548038715,75.3493640444639,75.69320678710938,1235500,75.69320678710938
2024-12-30,75.57461377515727,75.6339010675102,74.36905523680895,74.55680084228516,1612200,74.55680084228516
